seq_id,true_label,predicted_label
HQ916313.1,0,0
HQ916317.1,0,0
JX544743.1,0,0
JX544744.1,0,0
KJ620979.1,0,0
KJ620980.1,0,0
KM822593.1,0,0
KT946726.1,0,0
KT946727.1,0,0
KT946728.1,0,0
KT946729.1,0,0
KT946730.1,0,0
KY024238.1,0,0
KY855437.1,0,0
KY855438.1,0,0
LC047787.1,0,0
LC047790.1,0,0
LC047793.1,0,0
LC047796.1,0,0
LC047800.1,0,0
LC549662.1,0,0
MG660832.1,0,0
MK387176.1,0,0
MK395166.1,0,0
MN780842.1,0,0
MT499771.1,0,0
MW784083.1,0,0
MW897146.1,0,0
MZ209691.1,0,0
MZ603733.1,0,0
NC_018702.1,0,0
NC_023630.1,0,0
NC_023631.1,0,0
NC_024297.1,0,0
NC_033821.1,0,0
NC_037655.1,0,0
OM140654.1,0,0
ON624251.1,0,0
ON624252.1,0,0
ON624253.1,0,0
ON624254.1,0,0
ON624255.1,0,0
ON624256.1,0,0
ON624257.1,0,0
ON624260.1,0,0
ON624261.1,0,0
ON624263.1,0,0
ON624265.1,0,0
ON624266.1,0,0
ON624267.1,0,0
ON624268.1,0,0
ON624269.1,0,0
ON624271.1,0,0
ON624272.1,0,0
ON624275.1,0,0
ON624276.1,0,0
ON624277.1,0,0
ON624278.1,0,0
ON624280.1,0,0
ON624281.1,0,0
ON624282.1,0,0
ON624284.1,0,0
ON682272.1,0,0
ON682276.1,0,0
ON682278.1,0,0
ON682282.1,0,0
ON682286.1,0,0
ON682287.1,0,0
ON682289.1,0,0
ON682290.1,0,0
ON682292.1,0,0
ON682293.1,0,0
ON682295.1,0,0
OP331312.1,0,0
OQ686753.1,0,0
OQ686754.1,0,0
OQ686755.1,0,0
OQ686756.1,0,0
OR774966.1,0,0
PP999616.1,0,0
AB823731.1,1,0
AB823732.1,1,0
HM450380.1,1,0
JQ086552.1,1,0
LC064152.1,1,0
LC694998.1,1,0
LC694999.1,1,0
LC695000.1,1,0
MK089434.1,1,0
MZ707081.1,1,0
OQ968308.1,1,0
OQ968309.1,1,0
OQ968310.1,1,0
OQ968311.1,1,0
AB779614.1,1,1
AB779615.1,1,1
AB779616.1,1,1
AB779617.1,1,1
AB779618.1,1,1
EU812514.1,1,1
JN582001.1,1,1
JQ746659.1,1,1
JQ946050.1,1,1
JQ946051.1,1,1
JQ946052.1,1,1
JQ946053.1,1,1
JQ946054.1,1,1
JQ946055.1,1,1
JQ964234.1,1,1
KF682362.1,1,1
KJ541157.1,1,1
KJ541158.1,1,1
KJ541159.1,1,1
KJ541166.1,1,1
KJ541167.1,1,1
KJ541168.1,1,1
KJ541169.1,1,1
KM114057.1,1,1
KM279379.1,1,1
KP289365.1,1,1
KP289366.1,1,1
KP289367.1,1,1
KP289369.1,1,1
KP289370.1,1,1
KP289371.1,1,1
KP289372.1,1,1
KP289373.1,1,1
KP289376.1,1,1
KP289377.1,1,1
KP289378.1,1,1
KP289380.1,1,1
KP289381.1,1,1
KP289384.1,1,1
KP289385.1,1,1
KP289393.1,1,1
KP765687.1,1,1
KR706309.1,1,1
KR815992.1,1,1
KT779410.1,1,1
KT779411.1,1,1
KT779413.1,1,1
KX064289.1,1,1
KX064290.1,1,1
KX064291.1,1,1
KX064292.1,1,1
KX064293.1,1,1
KX064294.1,1,1
KX064295.1,1,1
KX064296.1,1,1
KX064297.1,1,1
KX064307.1,1,1
KX064308.1,1,1
KX189178.1,1,1
KX189179.1,1,1
KX189180.1,1,1
KX189181.1,1,1
KX189182.1,1,1
KX189183.1,1,1
KX189184.1,1,1
KX189185.1,1,1
KX189186.1,1,1
KX189190.1,1,1
KX189191.1,1,1
KX189192.1,1,1
KX189193.1,1,1
KX189194.1,1,1
KX595285.1,1,1
KX752785.1,1,1
KY126089.1,1,1
KY126090.1,1,1
KY126091.1,1,1
KY126092.1,1,1
LC126143.1,1,1
LC126144.1,1,1
LC126145.1,1,1
LC126146.1,1,1
LC126147.1,1,1
LC126148.1,1,1
LC126149.1,1,1
LC126150.1,1,1
LC126151.1,1,1
LC126152.1,1,1
LC506446.1,1,1
LC506447.1,1,1
LC506448.1,1,1
LC506449.1,1,1
LC506450.1,1,1
LC506451.1,1,1
LC506452.1,1,1
LC506453.1,1,1
LC506454.1,1,1
LC530049.1,1,1
LC715248.1,1,1
LC715423.2,1,1
LC789937.1,1,1
LC789938.1,1,1
LC789939.1,1,1
LC794520.1,1,1
MF285621.1,1,1
MF285622.1,1,1
MF285623.1,1,1
MF285624.1,1,1
MF285625.1,1,1
MF285627.1,1,1
MF285629.1,1,1
MF285631.1,1,1
MF285632.1,1,1
MF285633.1,1,1
MF285634.1,1,1
MF285635.1,1,1
MF285636.1,1,1
MF285637.1,1,1
MF285638.1,1,1
MF285640.1,1,1
MF285641.1,1,1
MF285643.1,1,1
MF285644.1,1,1
MF285646.1,1,1
MF285647.1,1,1
MF285648.1,1,1
MF285650.1,1,1
MF285651.1,1,1
MF285652.1,1,1
MF285653.1,1,1
MF285655.1,1,1
MF285656.1,1,1
MF285657.1,1,1
MF285658.1,1,1
MF285659.1,1,1
MF285660.1,1,1
MF285661.1,1,1
MF285662.1,1,1
MF285663.1,1,1
MF285664.1,1,1
MF285665.1,1,1
MF285669.1,1,1
MF285670.1,1,1
MF285671.1,1,1
MF285672.1,1,1
MF285676.1,1,1
MF285678.1,1,1
MF285680.1,1,1
MF285681.1,1,1
MF285682.1,1,1
MF285683.1,1,1
MF285684.1,1,1
MF678318.1,1,1
MF991290.1,1,1
MF991291.1,1,1
MH049745.1,1,1
MH049747.1,1,1
MH049748.1,1,1
MH536772.2,1,1
MH539784.1,1,1
MH539785.1,1,1
MH539786.1,1,1
MH539787.1,1,1
MK106189.1,1,1
MK106190.1,1,1
MK106196.1,1,1
MK106197.1,1,1
MK106198.1,1,1
MK106199.1,1,1
MK106200.1,1,1
MK106201.1,1,1
MK106204.1,1,1
MK106205.1,1,1
MK106206.1,1,1
MK106207.1,1,1
MK106208.1,1,1
MK106209.1,1,1
MK106210.1,1,1
MK106211.1,1,1
MK106212.1,1,1
MK106213.1,1,1
MK106214.1,1,1
MK106216.1,1,1
MK652140.1,1,1
MK791146.1,1,1
MN032612.1,1,1
MN184852.1,1,1
MN184853.1,1,1
MN184854.1,1,1
MN184855.1,1,1
MN184856.1,1,1
MN689954.1,1,1
MN845761.1,1,1
MN845762.1,1,1
MN845763.1,1,1
MN845764.1,1,1
MN845765.1,1,1
MN845766.1,1,1
MN845767.1,1,1
MN845768.1,1,1
MN845769.1,1,1
MN845770.1,1,1
MN845771.1,1,1
MN845772.1,1,1
MN845773.1,1,1
MN845774.1,1,1
MN845775.1,1,1
MN845776.1,1,1
MN845778.1,1,1
MN845779.1,1,1
MN845780.1,1,1
MN845781.1,1,1
MN845782.1,1,1
MN845783.1,1,1
MN845784.1,1,1
MN845785.1,1,1
MN845786.1,1,1
MN845787.1,1,1
MN845788.1,1,1
MN845789.1,1,1
MN845790.1,1,1
MN845792.1,1,1
MN845793.1,1,1
MN845794.1,1,1
MN845795.1,1,1
MN845796.1,1,1
MN845797.1,1,1
MN845798.1,1,1
MN845799.1,1,1
MN845800.1,1,1
MN845801.1,1,1
MN845802.1,1,1
MN845803.1,1,1
MN845804.1,1,1
MN845805.1,1,1
MN845806.1,1,1
MN845807.1,1,1
MN845808.1,1,1
MN845809.1,1,1
MN845810.1,1,1
MN845811.1,1,1
MN845812.1,1,1
MN845813.1,1,1
MN845814.1,1,1
MN845815.1,1,1
MN845816.1,1,1
MN845817.1,1,1
MN845818.1,1,1
MN845819.1,1,1
MN845820.1,1,1
MN845821.1,1,1
MN845822.1,1,1
MN845823.1,1,1
MN845824.1,1,1
MN845825.1,1,1
MN845826.1,1,1
MN845827.1,1,1
MN845828.1,1,1
MN845829.1,1,1
MN845830.1,1,1
MN845831.1,1,1
MN845832.1,1,1
MN845833.1,1,1
MN845834.1,1,1
MN845835.1,1,1
MN845836.1,1,1
MN845837.1,1,1
MN845838.1,1,1
MN845839.1,1,1
MN845840.1,1,1
MN845841.1,1,1
MN845842.1,1,1
MN845843.1,1,1
MN845844.1,1,1
MN845845.1,1,1
MN845846.1,1,1
MN845847.1,1,1
MN845848.1,1,1
MN845849.1,1,1
MN845850.1,1,1
MN845851.1,1,1
MN845853.1,1,1
MN845854.1,1,1
MN845855.1,1,1
MN845856.1,1,1
MN845858.1,1,1
MN845859.1,1,1
MN845860.1,1,1
MN845861.1,1,1
MN845862.1,1,1
MN845863.1,1,1
MN845864.1,1,1
MN845865.1,1,1
MN845866.1,1,1
MN845867.1,1,1
MN845868.1,1,1
MN845869.1,1,1
MN845870.1,1,1
MN845871.1,1,1
MN845872.1,1,1
MN845873.1,1,1
MN845874.1,1,1
MN845875.1,1,1
MN845876.1,1,1
MN845877.1,1,1
MN845878.1,1,1
MN845879.1,1,1
MN845880.1,1,1
MN845881.1,1,1
MN845882.1,1,1
MN845883.1,1,1
MN845884.1,1,1
MN845885.1,1,1
MN845886.1,1,1
MN845887.1,1,1
MN845888.1,1,1
MN845889.1,1,1
MN845890.1,1,1
MN845891.1,1,1
MT123346.1,1,1
MT814405.1,1,1
MT814411.1,1,1
MT814412.1,1,1
MT814413.1,1,1
MT814414.1,1,1
MT814415.1,1,1
MT814416.1,1,1
MT814419.1,1,1
MT814420.1,1,1
MT814421.1,1,1
MT814422.1,1,1
MT814423.1,1,1
MT814425.1,1,1
MT814426.1,1,1
MT814427.1,1,1
MT814428.1,1,1
MT814429.1,1,1
MT814430.1,1,1
MT814431.1,1,1
MT814432.1,1,1
MT814433.1,1,1
MT814434.1,1,1
MT814435.1,1,1
MT814436.1,1,1
MT814437.1,1,1
MT814438.1,1,1
MT814439.1,1,1
MT814440.1,1,1
MT814441.1,1,1
MT814442.1,1,1
MT814464.1,1,1
MT814465.1,1,1
MT814466.1,1,1
MT814468.1,1,1
MT814469.1,1,1
MT814470.1,1,1
MT814471.1,1,1
MT814472.1,1,1
MT814473.1,1,1
MT814474.1,1,1
MT814479.1,1,1
MT814480.1,1,1
MT814481.1,1,1
MT814482.1,1,1
MT814483.1,1,1
MT814492.1,1,1
MT814493.1,1,1
MT814494.1,1,1
MT814495.1,1,1
MT814496.1,1,1
MT814497.1,1,1
MT814498.1,1,1
MT814499.1,1,1
MT814500.1,1,1
MT814501.1,1,1
MT814502.1,1,1
MT814503.1,1,1
MT814517.1,1,1
MT814518.1,1,1
MT814520.1,1,1
MT814521.1,1,1
MT814522.1,1,1
MT814527.1,1,1
MT814530.1,1,1
MT814531.1,1,1
MT814532.1,1,1
MT814534.1,1,1
MT814557.1,1,1
MT814560.1,1,1
MT814561.1,1,1
MT814562.1,1,1
MT814563.1,1,1
MT814564.1,1,1
MT814565.1,1,1
MT814566.1,1,1
MT814567.1,1,1
MT814568.1,1,1
MT814569.1,1,1
MT814570.1,1,1
MT814571.1,1,1
MT814572.1,1,1
MT814573.1,1,1
MT814574.1,1,1
MT814575.1,1,1
MT814576.1,1,1
MT814577.1,1,1
MT814578.1,1,1
MT814579.1,1,1
MT814580.1,1,1
MT814583.1,1,1
MT814584.1,1,1
MT814585.1,1,1
MT814586.1,1,1
MT814587.1,1,1
MT814588.1,1,1
MT814589.1,1,1
MT814590.1,1,1
MT814591.1,1,1
MT814592.1,1,1
MT814593.1,1,1
MT814594.1,1,1
MT814595.1,1,1
MT814596.1,1,1
MT814597.1,1,1
MT814598.1,1,1
MT814599.1,1,1
MT814600.1,1,1
MT814601.1,1,1
MT814602.1,1,1
MT814603.1,1,1
MT814604.1,1,1
MT814605.1,1,1
MT814609.1,1,1
MT814610.1,1,1
MT814611.1,1,1
MT814612.1,1,1
MT814614.1,1,1
MT814615.1,1,1
MT814616.1,1,1
MW399171.1,1,1
MW399172.1,1,1
MW399173.1,1,1
MW399174.1,1,1
MW410845.1,1,0
MZ546175.1,1,1
NC_001612.1,0,1
OL519577.1,1,1
OL830027.1,1,1
OL830028.1,1,1
OL830029.1,1,1
OL830030.1,1,1
OL830031.1,1,1
OL830032.1,1,1
OL830033.1,1,1
OL830034.1,1,1
OL830035.1,1,1
OL830036.1,1,1
OL830037.1,1,1
OL830038.1,1,1
OL830039.1,1,1
OL830040.1,1,1
OL839934.1,1,1
OL839935.1,1,1
OL839936.1,1,1
OL839937.1,1,1
OL839938.1,1,1
OL839939.1,1,1
OL839940.1,1,1
OL839941.1,1,1
OL839942.1,1,1
OL839943.1,1,1
OL839944.1,1,1
OL839945.1,1,1
OL839946.1,1,1
OL839947.1,1,1
OL839948.1,1,1
OL839950.1,1,1
OM179765.1,1,1
OQ215746.1,1,1
OQ215747.1,1,1
OR271573.1,1,1
OR394968.1,1,1
OR394969.1,1,1
OR394970.1,1,1
OR394971.1,1,1
OR394972.1,1,1
OR394973.1,1,1
OR394974.1,1,1
OR394975.1,1,1
PP191111.1,1,1
PP191112.1,1,1
PP191113.1,1,1
PP191114.1,1,1
PP191115.1,1,1
PP191116.1,1,1
PP191117.1,1,1
PP191118.1,1,1
PP191119.1,1,1
PP191120.1,1,1
PP191121.1,1,1
PP191122.1,1,1
PP191123.1,1,1
PP191124.1,1,1
PP191125.1,1,1
PP191126.1,1,1
PP526685.1,1,0
PP858874.1,1,1
PP858875.1,1,1
U05876.1,1,1
AY421765.1,1,1
GU942820.1,1,1
GU942821.1,1,1
GU942822.1,1,1
GU942823.1,1,1
HQ728262.1,1,1
KJ641623.1,1,1
KP009576.1,1,1
KP009578.1,1,1
KP009580.1,1,1
KP009581.1,1,1
KP289394.1,1,1
KP289395.1,1,1
KP289396.1,1,1
KP289397.1,1,1
KP289398.1,1,1
KP289399.1,1,1
KP289400.1,1,1
KP289401.1,1,1
KP289402.1,1,1
KP289403.1,1,1
KP289404.1,1,1
KP289405.1,1,1
KP289406.1,1,1
KP289407.1,1,1
KP289408.1,1,1
KP289409.1,1,1
KP289410.1,1,1
KT588920.1,1,1
KX595287.1,1,1
KX595288.1,1,1
KX595289.1,1,1
KX595290.1,1,1
KX768159.1,1,1
KX768160.1,1,1
KY012321.1,1,1
KY271944.1,1,1
KY272007.1,1,1
KY272008.1,1,1
KY272009.1,1,1
KY272010.1,1,1
LC483987.1,1,1
LC483988.1,1,1
LK021688.1,1,1
MF678312.1,1,1
MK645898.1,1,1
MK791147.1,1,1
MK867825.1,1,1
MK867826.1,1,1
MK867827.1,1,1
MK867828.1,1,1
MK867829.1,1,1
MT347977.1,1,1
MT950044.1,1,1
MT950045.1,1,1
MT950046.1,1,1
MW929252.1,1,1
MW929253.1,1,1
MW929254.1,1,1
MW929255.1,1,1
MW929260.1,1,1
MW929261.1,1,1
MW929262.1,1,1
MW929263.1,1,1
MW929264.1,1,1
MW929268.1,1,1
MW929270.1,1,1
MW929274.1,1,1
MW929279.1,1,1
MW929280.1,1,1
MW929281.1,1,1
MW929282.1,1,1
MW929284.1,1,1
MW929285.1,1,1
MW929289.1,1,1
MW929292.1,1,1
ON101704.1,1,1
OR095105.1,1,1
OR095106.1,1,1
OR095107.1,1,1
OR095113.1,1,1
OR095114.1,1,1
OR095115.1,1,1
OR095116.1,1,1
OR095117.1,1,1
OR095118.1,1,1
OR095119.1,1,1
OR095120.1,1,1
OR095121.1,1,1
OR095122.1,1,1
OR095123.1,1,1
OR095124.1,1,1
OR095125.1,1,1
OR095126.1,1,1
OR095127.1,1,1
KX595286.1,1,1
LC126159.1,1,1
LC126160.1,1,1
LC126161.1,1,1
LC126162.1,1,1
LC126163.1,1,1
LC126164.1,1,1
LC794519.1,1,1
MF285667.1,1,1
MF285673.1,1,1
MF285674.1,1,1
MF285675.1,1,1
MH371303.1,1,1
MK510082.1,1,1
MN845852.1,1,1
MT814404.1,1,1
MT814409.1,1,1
MT814410.1,1,1
MT814417.1,1,1
MT814418.1,1,1
MT814424.1,1,1
MT814455.1,1,1
MT814456.1,1,1
MT814457.1,1,1
MT814458.1,1,1
MT814459.1,1,1
MT814461.1,1,1
MT814462.1,1,1
MT814463.1,1,1
MT814484.1,1,1
MT814485.1,1,1
MT814486.1,1,1
MT814487.1,1,1
MT814488.1,1,1
MT814489.1,1,1
MT814490.1,1,1
MT814491.1,1,1
MT814582.1,1,1
MT814443.1,1,1
MT814444.1,1,1
MT814445.1,1,1
MT814446.1,1,1
MT814447.1,1,1
MT814448.1,1,1
MT814449.1,1,1
MT814450.1,1,1
MT814451.1,1,1
MT814452.1,1,1
MT814453.1,1,1
MT814454.1,1,1
MT814477.1,1,1
MT814478.1,1,1
MT814504.1,1,1
MT814505.1,1,1
MT814506.1,1,1
MT814507.1,1,1
MT814508.1,1,1
MT814509.1,1,1
MT814510.1,1,1
MT814511.1,1,1
MT814512.1,1,1
MT814513.1,1,1
MT814514.1,1,1
MT814515.1,1,1
MT814516.1,1,1
MT814523.1,1,1
MT814525.1,1,1
MK105986.1,1,1
OR230416.1,1,1
OR230417.1,1,1
OR230418.1,1,1
OR230419.1,1,1
OR230420.1,1,1
OR230421.1,1,1
OR230422.1,1,1
OR230423.1,1,1
OR230424.1,1,1
OR230425.1,1,1
OR230426.1,1,1
OR230427.1,1,1
OR230428.1,1,1
OR230429.1,1,1
PP157595.1,1,1
PP157596.1,1,1
PQ238712.1,1,1
PQ238713.1,1,1
PQ238714.1,1,1
PQ238715.1,1,1
PQ238716.1,1,1
GQ323774.1,1,1
KP890662.1,1,1
MW969527.1,1,1
MZ268706.1,1,1
MZ268720.1,1,1
MZ322915.1,1,1
MZ363446.1,1,1
MZ670576.1,1,1
OK017918.1,1,1
OK254829.1,1,1
OK539509.1,1,1
OL133760.1,1,1
OM001354.1,1,1
OM001407.1,1,1
OR726587.1,1,1
MG880745.2,1,1
MG880747.2,1,1
MG880748.2,1,1
MG880749.2,1,1
MG880750.2,1,1
MG880751.2,1,1
MG880752.2,1,1
KT321458.1,0,0
KT757280.1,0,0
KT757281.1,0,0
KT757282.1,0,0
KU058182.1,0,0
KU058183.1,0,0
KU359210.1,0,0
KU359211.1,0,0
KU359212.1,0,0
KU359213.1,0,0
KU359214.1,0,0
KU954086.1,0,0
KU954087.1,0,0
KU954089.1,0,0
KU954090.1,0,0
KX019804.1,0,0
KX173338.1,0,0
KX173339.1,0,0
KX173340.1,0,0
KX223836.1,0,0
KX377924.1,0,0
KX751943.1,0,0
KX751944.1,0,0
KX751945.1,0,0
KX751946.1,0,0
KX778101.1,0,0
KX857728.1,0,0
KY038016.1,0,0
KY172968.1,0,0
KY419132.1,0,0
KY618834.1,0,0
KY618835.1,0,0
KY618836.1,0,0
KY618837.1,0,0
KY747510.1,0,0
KY747511.1,0,0
KY747512.1,0,0
MF189000.1,0,0
MF189001.1,0,0
MF416217.1,0,0
MF416218.1,0,0
MF416219.1,0,0
MF416220.1,0,0
MF460448.1,0,0
MF460449.1,0,0
MF893200.1,0,0
MF967574.1,0,0
MG428680.1,0,0
MG428681.1,0,0
MG428682.1,0,0
MG428683.1,0,0
MG428684.1,0,0
MG428685.1,0,0
MG765550.1,0,0
MG765551.1,0,0
MG765552.1,0,0
MG765553.1,0,0
MG765554.1,0,0
MG765555.1,0,0
MG765556.1,0,0
MG765557.1,0,0
MG765558.1,0,0
MG765559.1,0,0
MG765560.1,0,0
MG765561.1,0,0
MG765562.1,0,0
MG765563.1,0,0
MG765564.1,0,0
MG765565.1,0,0
MG765566.1,0,0
MG983756.1,0,0
MH064433.1,0,0
MH064434.1,0,0
MH064435.1,0,0
MH064436.1,0,0
MH316113.1,0,0
MH316114.1,0,0
MH316115.1,0,0
MH316116.1,0,0
MH316117.1,0,0
MH588717.1,0,0
MH634506.1,0,0
MH634507.1,0,0
MH634508.1,0,0
MH634509.1,0,0
MH634510.1,0,0
MH634511.1,0,0
MH634512.1,0,0
MH634513.1,0,0
MH634514.1,0,0
MH634515.1,0,0
MH634516.1,0,0
MH634517.1,0,0
MH634518.1,0,0
MH634519.1,0,0
MH634520.1,0,0
MH634521.1,0,0
MH634522.1,0,0
MH634523.1,0,0
MH634524.1,0,0
MH634525.1,0,0
MH634526.1,0,0
MH634527.1,0,0
MH634528.1,0,0
MH634529.1,0,0
MH634530.1,0,0
MH634531.1,0,0
MH634532.1,0,0
MH634533.1,0,0
MH634534.1,0,0
MH704432.1,0,0
MH716015.1,0,0
MH817445.1,0,0
MH817446.1,0,0
MH844686.1,0,0
MH844687.1,0,0
MK039162.1,0,0
MK170054.1,0,0
MK170055.1,0,0
MK284514.1,0,0
MK284515.1,0,0
MK333629.1,0,0
MK333630.1,0,0
MK333632.1,0,0
MK333633.1,0,0
MK333634.1,0,0
MK333635.1,0,0
MK333636.1,0,0
MK333637.1,0,0
MK357115.1,0,0
MK357116.1,0,0
MK357117.1,0,0
MK463618.1,0,0
MK463619.1,0,0
MK802890.1,0,0
MK802891.1,0,0
MK802892.1,0,0
MN233018.1,0,0
MN233019.1,0,0
MN233021.1,0,0
MN233023.1,0,0
MN233024.1,0,0
MN233025.1,0,0
MN233027.1,0,0
MN233029.1,0,0
MN233030.1,0,0
MN233032.1,0,0
MN233033.1,0,0
MN423333.1,0,0
MN423334.1,0,0
MN433300.1,0,0
MN615881.1,0,0
MN700930.1,0,0
MN887248.1,0,0
MN887249.1,0,0
MN887250.1,0,0
MN887251.1,0,0
MN922286.1,0,0
MT457474.1,0,0
MT840202.1,0,0
MW117126.1,0,0
MW117127.1,0,0
MW117128.1,0,0
MW117129.1,0,0
MW713116.1,0,0
MW713117.1,0,0
MW713118.1,0,0
MW713119.1,0,0
MW713120.1,0,0
MW713121.1,0,0
MW713122.1,0,0
MW713123.1,0,0
MZ375462.1,0,0
MZ818785.1,0,0
NC_011349.1,0,0
OM654411.1,0,0
ON024061.1,0,0
ON868368.1,0,0
ON868369.1,0,0
ON868370.1,0,0
ON868371.1,0,0
ON868372.1,0,0
ON868373.1,0,0
ON868374.1,0,0
ON868375.1,0,0
OP562896.1,0,0
OP714192.1,0,0
OQ162219.1,0,0
OR703632.1,0,0
OR759780.1,0,0
PP974472.1,0,0
AB114858.1,0,0
AB551990.1,0,0
AB551991.1,0,0
AB551992.1,0,0
AB917088.1,0,0
AB917089.1,0,0
AB917090.1,0,0
AF075723.1,0,0
AF080251.1,0,1
AF094612.1,0,1
AF161266.1,0,0
AF221499.1,0,0
AF221500.1,0,0
AF315119.1,0,0
AF416457.1,0,0
AY303793.1,0,0
AY303794.1,0,0
AY303795.1,0,0
AY303796.1,0,0
AY303797.1,0,0
AY303798.1,0,0
AY585242.1,0,0
AY585243.1,0,0
AY632536.4,0,0
AY632538.4,0,0
AY632540.2,0,0
AY632541.4,0,0
AY632542.4,0,1
AY632545.2,0,0
AY640589.1,0,1
AY849939.1,0,0
AY898809.1,0,0
D90194.1,0,0
D90195.1,0,1
DQ100292.1,0,1
DQ118157.1,0,1
DQ235229.1,0,0
DQ837642.1,0,0
EF107523.1,0,0
EF543861.1,0,0
EF623987.1,0,0
EF623988.1,0,0
EF623989.1,0,0
EU684972.1,0,0
EU707555.1,0,0
EU879061.2,0,0
FJ185036.1,0,0
FJ185037.1,0,0
FJ654700.1,0,1
FJ753286.2,0,0
FJ753287.2,0,0
GQ902063.1,0,0
HE861351.1,0,0
HQ644143.1,0,0
HQ644144.1,0,0
JF270480.1,0,0
JF459991.1,0,0
JF460774.1,0,0
JF706269.1,0,0
JF706272.1,0,0
JF706273.1,0,0
JF706276.1,0,0
JF706283.1,0,0
JF706284.1,0,0
JF706285.1,0,0
JF895923.2,0,0
JF915894.1,0,0
JN381853.1,0,0
JN381854.1,0,0
JN381855.1,0,0
JN381856.1,0,0
JN381857.1,0,0
JN381858.1,0,0
JN381859.1,0,0
JN381860.1,0,0
JN381861.1,0,0
JN381862.1,0,0
JN381863.1,0,0
JN381864.1,0,0
JN381865.1,0,0
JN381866.1,0,0
JN381867.1,0,0
JN381868.1,0,0
JN381869.1,0,0
JN381870.1,0,0
JN381871.1,0,0
JN381872.1,0,0
JN381873.1,0,0
JN604986.1,0,1
JN628279.1,0,1
JN628280.1,0,1
JN628281.1,0,1
JN711458.1,0,0
JN711459.1,0,0
JN811140.1,1,1
JN811141.1,0,1
JN811142.1,0,1
JN811143.1,0,1
JN864064.1,0,1
JQ086762.1,0,1
JQ086763.1,0,0
JQ289550.1,0,0
JQ314464.1,0,0
JQ314465.1,0,0
JQ582840.1,0,0
JQ595407.1,0,0
JQ920420.1,0,0
JQ920421.1,0,0
JQ920422.1,0,0
JQ920423.1,0,0
JQ920424.1,0,0
JQ920425.1,0,0
JQ920426.1,0,0
JQ928189.1,0,0
JQ957868.1,0,0
JQ957869.1,0,0
JX131374.1,0,1
JX196334.1,0,0
JX236040.3,0,0
JX273153.1,0,0
JX477685.2,0,0
JX477686.1,0,0
JX503529.1,1,1
JX898873.1,0,1
JX898875.1,0,1
JX965381.1,0,0
KC136210.1,0,0
KC333867.1,0,0
KC517497.1,0,0
KC852189.1,0,0
KC852190.1,0,0
KC852191.1,0,0
KC852192.1,0,0
KC852193.1,0,0
KC852194.1,0,0
KC852195.1,0,0
KC852196.1,0,0
KC915016.1,0,0
KC990540.1,0,0
KC990541.1,0,0
KC990542.1,0,0
KC990543.1,0,0
KC990544.1,0,0
KC990545.1,0,0
KF192951.1,0,0
KF297915.1,0,0
KF297916.1,0,0
KF573582.1,0,0
KF751869.1,0,0
KF769015.1,0,1
KF769016.1,0,1
KF826767.1,0,0
KF917536.1,0,0
KF917537.1,0,0
KF917538.1,0,0
KF917539.1,0,0
KF917540.1,0,0
KJ152564.1,0,0
KJ469370.1,0,0
KJ469371.1,0,0
KJ489355.1,0,0
KJ740745.1,0,0
KJ740746.1,0,0
KJ740747.1,0,0
KJ740748.1,0,0
KJ782377.1,0,0
KJ782378.1,0,0
KJ782379.1,0,0
KJ782380.1,0,0
KJ958533.1,0,0
KM102539.1,0,0
KM188953.1,0,0
KM225263.1,0,0
KM225264.1,0,0
KM225265.1,0,0
KM233707.1,0,0
KM275941.1,0,0
KM361634.1,0,0
KP096415.1,0,0
KP164498.2,0,0
KP742476.1,0,0
KP861859.1,0,0
KR061333.1,0,0
KR108245.1,0,0
KR108246.1,0,0
KR265316.1,0,0
KR869106.1,0,0
KR908703.1,0,0
KT159713.1,0,0
KT876991.1,0,0
KU323483.1,0,0
KU363309.1,0,0
KX097989.1,0,0
KX097990.1,0,0
KX258460.1,0,0
KX258462.1,0,1
KX452096.1,0,0
KX686570.1,0,0
KX686571.1,0,0
KX686572.1,0,0
KX686573.1,0,0
KX686574.1,0,0
KX686575.1,0,0
KX686576.1,0,0
KX686577.1,0,0
KX686578.1,0,0
KX686579.1,0,0
KX686580.1,0,0
KX779520.1,0,0
KX779521.1,0,0
KX779522.1,0,0
KX965684.1,0,1
KX977550.1,0,0
KX977551.1,0,0
KX977552.1,0,0
KX977553.1,0,0
KX977554.1,0,0
KX977555.1,0,0
KY056258.1,0,1
KY320648.1,0,0
KY626659.1,0,0
KY650724.1,0,0
KY650725.1,0,0
KY810818.1,0,0
KY810819.1,0,0
KY885009.1,0,0
L48961.1,0,0
L78128.1,0,0
LC318701.1,0,0
LC461960.1,0,0
LC461961.1,0,0
LC730845.1,0,0
M18370.1,0,0
M55506.1,0,0
MF002373.1,0,0
MF326270.1,0,1
MF380424.1,0,0
MF380425.1,0,0
MF380426.1,0,0
MF380427.1,0,0
MF380428.1,0,0
MF380429.1,0,0
MF380430.1,0,0
MF380431.1,0,0
MF380432.1,0,0
MF380433.1,0,0
MF380434.1,0,0
MG051217.1,0,1
MG051218.1,0,1
MH051229.1,0,0
MH258848.1,0,0
MH258849.1,0,1
MH258850.1,0,1
MH258851.1,0,1
MH258852.1,0,1
MH258853.1,0,1
MH414568.1,0,0
MH414569.1,0,0
MH444794.1,0,1
MH444795.1,0,1
MH444796.1,0,1
MH444797.1,0,1
MH460536.1,0,0
MH748542.1,0,0
MH753128.1,0,0
MH899073.1,0,0
MK542820.1,0,0
MK585066.1,0,1
MK889501.1,0,0
MK907880.1,0,0
MN106241.1,0,1
MN106242.1,0,1
MN649261.1,0,0
MN649262.1,0,0
MN649263.1,0,0
MN649264.1,0,0
MN649267.1,0,0
MN747003.2,0,0
MN966679.1,0,0
MN966680.1,0,0
MT107250.1,0,1
MT108702.1,0,0
MT447092.1,0,0
MT708901.1,0,0
MT951412.1,0,0
MT951413.1,0,0
MW367213.1,0,0
MW672101.1,0,0
MW821486.1,0,0
MW922032.1,0,0
MZ031023.1,0,0
MZ355579.1,0,0
MZ355580.1,0,0
MZ574097.1,0,0
MZ923735.1,0,0
NC_000943.1,0,0
NC_002031.1,0,1
NC_003635.1,0,0
NC_004119.1,0,0
NC_005039.1,0,0
NC_008719.1,0,0
NC_009029.2,0,0
NC_012533.1,0,0
NC_012534.1,0,0
NC_012735.1,0,0
NC_018705.3,0,0
NC_026620.1,0,0
NC_027999.1,0,0
NC_034151.1,0,0
NC_040776.1,0,1
NC_040788.1,0,0
OK257213.1,0,1
OK257214.1,0,1
OK257215.1,0,1
OK315312.1,0,0
OK315313.1,0,0
OK315314.1,0,0
OK315315.1,0,0
OK315316.1,0,0
OK315317.1,0,0
OL709418.1,0,0
OL709419.1,0,0
OM240640.1,0,0
OM240641.1,0,0
OM938988.1,0,1
OM938989.1,0,1
OM938990.1,0,1
ON624132.1,0,1
ON931346.1,0,0
OP186478.1,0,0
OP796361.1,0,1
OP846985.1,0,0
OP856754.1,0,0
OP904182.1,0,1
OQ095369.1,0,0
OQ238827.1,0,0
OQ473624.1,0,0
OQ473625.1,0,0
OQ555395.1,0,0
OQ627433.1,0,0
OQ627434.1,0,0
OQ920272.1,0,0
OR101151.1,0,0
OR101152.1,0,0
OR101153.1,0,0
OR101154.1,0,0
OR101155.1,0,0
OR101156.1,0,0
OR101157.1,0,0
OR101158.1,0,0
OR101159.1,0,0
OR101160.1,0,0
OR215429.1,0,0
OR509732.1,0,1
OR882688.1,0,1
OR965960.2,0,1
PP025904.1,0,1
PP236851.1,0,0
PP236852.1,0,0
PP236853.1,0,0
PP236854.1,0,0
PP558220.1,0,0
PP761170.1,0,0
PQ154625.1,0,0
U17066.1,0,1
U17067.1,0,1
U21055.1,0,1
U21056.1,0,1
U47032.1,0,0
U54798.1,0,1
X03700.1,0,1
KT119352.1,0,0
KX064281.1,0,0
LC713055.1,0,0
LC780768.1,0,0
MF150640.1,0,0
MF150641.1,0,0
MF150642.1,0,0
MF150643.1,0,0
MF150644.1,0,0
MF150645.1,0,0
MF150646.1,0,0
MG387217.1,0,0
MG387218.1,0,0
MK211486.1,0,0
MK425024.2,0,0
MT799513.1,0,0
MW853925.1,0,0
MW853926.1,0,0
MW853927.1,0,0
MW853928.1,0,0
MW853929.1,0,0
MW853930.1,0,0
MW853931.1,0,0
MW853932.1,0,0
OM201203.1,0,0
OM201204.1,0,0
OM201205.1,0,0
OM201206.1,0,0
OM201207.1,0,0
AY702034.1,0,1
AY702035.1,0,1
AY702036.1,0,1
AY702037.1,0,1
AY702038.1,0,1
AY702039.1,0,1
EU920828.1,0,0
EU920830.1,0,0
EU920831.1,0,0
EU920832.1,0,0
EU920833.1,0,0
EU920834.1,0,0
EU920840.1,0,0
JX073928.1,0,0
KJ189308.1,0,0
KJ189309.1,0,0
MH781014.1,0,0
KJ501534.1,0,0
KJ501538.1,0,0
KJ501539.1,0,0
KX547216.1,0,0
KX547242.1,0,0
KX547368.1,0,0
KX547369.1,0,0
KX547380.1,0,0
KX547417.1,0,0
KX547464.1,0,0
KX547495.1,0,0
KX547574.1,0,0
KX547598.1,0,0
AB008336.1,0,0
AF070476.1,0,0
AF081782.1,0,0
AF121950.1,0,0
AY196904.1,0,0
D87262.1,0,0
D87263.1,0,0
OP807961.1,0,0
AB189125.1,1,0
AB189126.1,1,0
AB189127.1,1,0
AB189128.1,1,0
AY744677.1,1,0
AY744678.1,1,0
AY744679.1,1,0
AY744680.1,1,0
AY744681.1,1,0
AY744682.1,1,0
AY744683.1,1,0
AY744684.1,1,0
AY744685.1,1,0
AY858037.2,1,0
AY858038.2,1,0
AY858039.2,1,0
AY858040.2,1,0
AY858041.2,1,0
AY858042.2,1,0
AY858043.2,1,0
AY858044.2,1,0
AY858045.2,1,0
AY858046.2,1,0
AY858047.2,1,0
AY876494.1,0,0
DQ675519.1,0,0
DQ675521.1,0,0
DQ675522.1,0,0
DQ675523.1,0,0
DQ675524.1,0,0
DQ675525.1,0,0
DQ675526.1,0,0
DQ675527.1,0,0
DQ675528.1,0,0
DQ675530.1,0,0
DQ675531.1,0,0
DQ863638.1,1,0
EU482454.1,0,0
EU482457.1,0,0
EU854292.1,0,0
FJ639712.1,0,0
FJ639713.1,0,0
FJ639714.1,0,0
FJ639715.1,0,0
FJ639716.1,0,0
FJ639719.1,0,0
FJ639720.1,0,0
FJ639721.1,0,0
FJ639722.1,0,0
FJ639723.1,0,0
FJ639724.1,0,0
FJ639725.1,0,0
FJ639726.1,0,0
FJ639727.1,0,0
FJ639728.1,0,0
FJ639729.1,0,0
FJ639730.1,0,0
FJ639731.1,0,0
FJ687448.1,0,0
FJ744726.1,0,0
FJ744727.1,0,0
FJ744728.1,0,0
FJ744729.1,0,0
FJ744730.1,0,0
FJ744731.1,0,0
FJ744732.1,0,0
FJ744733.1,0,0
FJ744734.1,0,0
FJ744735.1,0,0
FJ744736.1,0,0
FJ744737.1,0,0
FJ744738.1,0,0
FJ744739.1,0,0
FJ744740.1,0,0
FJ810413.1,0,0
FJ810414.1,0,0
FJ898455.1,0,0
FJ898456.1,0,0
FJ898457.1,0,0
FJ898458.1,0,0
GQ868593.1,0,0
GQ868626.1,0,0
GQ868627.1,0,0
GQ868628.1,0,0
GQ868629.1,0,0
GQ868634.1,0,0
GU131903.1,0,0
GU131904.1,0,0
GU131905.1,0,0
GU131906.1,0,0
GU131907.1,0,0
GU131908.1,0,0
GU131909.1,0,0
GU131910.1,0,0
GU131911.1,0,0
GU131912.1,0,0
GU131913.1,0,0
GU131914.1,0,0
GU131915.1,0,0
GU131916.1,0,0
GU131917.1,0,0
GU131918.1,0,0
GU131933.1,0,0
GU131934.1,0,0
GU131935.1,0,0
GU131936.1,0,0
GU131937.1,0,0
GU131938.1,0,0
GU131939.1,0,0
GU131940.1,0,0
GU131941.1,0,0
GU131942.1,0,0
GU131943.1,0,0
GU131944.1,0,0
GU131945.1,0,0
GU131946.1,0,0
HM181933.1,1,0
HM181934.1,0,0
HM181935.1,0,0
HM631854.1,0,0
JF295012.1,0,0
JN368477.1,1,0
JN406514.1,1,0
JN406515.1,1,0
JN697379.1,0,0
JQ922554.1,0,0
KC762681.1,1,0
KC762682.1,1,0
KC762683.1,1,0
KC762684.1,1,0
KC762685.1,1,0
KC762686.1,1,0
KC762687.1,1,0
KC762688.1,1,0
KC762689.1,1,0
KC762690.1,1,0
KC762691.1,1,0
KC762692.1,1,0
KC762693.1,1,0
KF824902.1,1,0
KF824903.1,1,0
KF955332.1,0,0
KF955333.1,0,0
KF955461.1,0,0
KF955462.1,0,0
KF955463.1,0,0
KF955464.1,0,0
KF955476.1,0,0
KF955477.1,0,0
KF955507.1,0,0
KJ189256.1,0,0
KJ189257.1,0,0
KJ189258.1,0,0
KJ189259.1,0,0
KJ189260.1,0,0
KJ189261.1,0,0
KJ189262.1,0,0
KJ189263.1,0,0
KJ189264.1,0,0
KJ189265.1,0,0
KJ189266.1,0,0
KJ189267.1,0,0
KJ189268.1,0,0
KJ189269.1,0,0
KJ189270.1,0,0
KJ189271.1,0,0
KJ189272.1,0,0
KJ189273.1,0,0
KJ189274.1,0,0
KJ189275.1,0,0
KJ189276.1,0,0
KJ189277.1,0,0
KJ189278.1,0,0
KJ189279.1,0,0
KJ189280.1,0,0
KJ189281.1,0,0
KJ189282.1,0,0
KJ189283.1,0,0
KJ189284.1,0,0
KJ189285.1,0,0
KJ189286.1,0,0
KJ189287.1,0,0
KJ189288.1,0,0
KJ189289.1,0,0
KJ189290.1,0,0
KJ189291.1,0,0
KJ189292.1,0,0
KJ189293.1,0,0
KJ189294.1,0,0
KJ189295.1,0,0
KJ189296.1,0,0
KJ189297.1,0,0
KJ189298.1,0,0
KJ189299.1,0,0
KJ189300.1,0,0
KJ189301.1,0,0
KJ622191.1,1,0
KJ643590.1,0,0
KJ737429.1,1,0
KJ737430.1,1,0
KM190937.1,1,0
KT726342.1,1,0
KT726343.1,1,0
KT726344.1,1,0
KT726345.1,1,0
KT726346.1,1,0
KT726347.1,1,0
KT726348.1,1,0
KT726349.1,1,0
KT726350.1,1,0
KT726351.1,1,0
KT726352.1,1,0
KT726353.1,1,0
KT726354.1,1,0
KT726355.1,1,0
KT726356.1,1,0
KT726357.1,1,0
KT726358.1,1,0
KT726359.1,1,0
KT726360.1,1,0
KT726361.1,1,0
KU509279.1,0,0
KU509280.1,0,0
KU509284.1,0,0
KY670634.1,1,0
KY794786.1,1,0
KY794787.1,1,0
KY794788.1,1,0
KY794789.1,1,0
KY794790.1,1,0
KY863456.1,1,0
KY921906.1,1,0
LC436676.1,1,0
LC436677.1,1,0
MH544647.1,1,1
MH544651.1,1,0
MH823209.1,1,0
MH888332.1,1,0
MK005258.1,1,0
MN018369.1,1,0
MN018370.1,1,0
MN018374.1,1,0
MN018377.1,1,0
MN018379.1,1,0
MN018380.1,1,0
MN018382.1,1,0
MN018383.1,1,0
MN018384.1,1,0
MN018387.1,1,0
MN018389.1,1,0
OK605764.1,0,0
OK605765.1,0,1
OP410995.1,1,0
OP410996.1,1,0
JN903579.1,1,0
JN903580.1,0,0
JN903581.1,1,0
JQ692085.1,1,0
JQ917404.1,1,0
JQ922545.1,0,0
JQ922548.1,0,0
KF289072.1,1,0
KM403575.1,1,0
KM403576.1,1,0
KM403577.1,1,0
KM403578.1,1,0
KM403579.1,1,0
KM403580.1,1,0
KM403581.1,1,0
KM403582.1,1,0
KM403583.1,1,0
KM403584.1,1,0
KM403585.1,1,0
KM403586.1,1,0
KM403587.1,1,0
KM403588.1,1,0
KM403589.1,1,0
KM403590.1,1,0
KM403591.1,1,0
KM403592.1,1,0
KM403593.1,1,0
KM403594.1,1,0
KM403595.1,1,0
KM403596.1,1,0
KM403597.1,1,0
KM403598.1,1,0
KM403599.1,1,0
KM403600.1,1,0
KM403601.1,1,0
KM403602.1,1,0
KM403603.1,1,0
KM403604.1,1,0
KM403605.1,1,0
KM403606.1,1,0
KM403607.1,1,0
KM403608.1,1,0
KM403609.1,1,0
KM403610.1,1,0
KM403611.1,1,0
KM403612.1,1,0
KM403613.1,1,0
KM403614.1,1,0
KM403615.1,1,0
KM403616.1,1,0
KM403617.1,1,0
KM403618.1,1,0
KM403619.1,1,0
KM403620.1,1,0
KM403621.1,1,0
KM403622.1,1,0
KM403623.1,1,0
KM403624.1,1,0
KM403625.1,1,0
KM403626.1,1,0
KM403627.1,1,0
KM403628.1,1,0
KM403629.1,1,0
KM403630.1,1,0
KM403631.1,1,0
KM403632.1,1,0
KM403633.1,1,0
KM403634.1,1,0
KM403635.1,1,0
KM403636.1,1,0
KP406801.1,1,0
KP686070.1,1,0
KP723473.1,0,0
KR024705.1,1,0
KR024706.1,1,0
KR024707.1,1,0
KR024708.1,1,0
KT187559.1,0,0
KT187560.1,0,0
KT187561.1,0,0
KT187562.1,0,0
KT187563.1,0,0
KU509255.1,0,0
KX225484.1,1,0
KX459386.1,1,0
KX459387.1,1,0
KX459389.1,1,0
KX459390.1,1,0
KX459392.1,1,0
KX618705.1,1,0
KX618706.1,1,0
KY672944.1,0,0
KY921903.1,1,0
LC436667.1,1,0
LC436668.1,1,0
MF033197.1,1,0
MF033198.1,1,0
MF033200.1,1,0
MF033204.1,1,0
MF033205.1,1,0
MF033211.1,1,0
MF033212.1,1,0
MF033213.1,1,0
MF033224.1,1,0
MF033226.1,1,0
MF033227.1,1,0
MF033229.1,1,0
MF033234.1,1,0
MF033237.1,1,0
MF033238.1,1,0
MF033241.1,1,0
MF033242.1,1,0
MF033243.1,1,0
MF033251.1,1,0
MF033252.1,1,0
MF033253.1,1,0
MF033255.1,1,0
MF033256.1,1,0
MF033261.1,1,0
MG097875.1,1,0
MG560267.1,1,0
MG560268.1,1,0
MG560269.1,1,0
MG721063.2,1,0
MH822959.2,1,0
MH891767.1,1,0
MH891771.1,1,0
MN018302.1,1,0
MN018319.1,1,0
MN886865.1,1,0
MN886870.1,1,0
MN886874.1,1,0
PP564823.1,1,0
EU482591.1,0,0
EU482610.1,0,0
EU482611.1,0,0
FJ639814.1,0,0
FJ639815.1,0,0
FJ810415.1,0,0
FJ850102.1,0,0
FJ850103.1,0,0
FJ873810.1,0,0
GQ199877.1,0,0
GU056029.1,0,0
GU056031.1,0,0
GU131832.1,0,0
GU131838.1,0,0
GU131839.1,0,0
GU131840.1,0,0
GU131841.1,0,0
HQ332181.1,1,0
JN819410.1,0,0
JN819425.1,0,0
JX669462.1,1,0
JX669463.1,1,0
JX669466.1,1,0
KC692495.1,1,0
KC692496.1,1,0
KC692497.1,1,0
KC692498.1,1,0
KC692499.1,1,0
KC692500.1,1,0
KC692501.1,1,0
KC692502.1,1,0
KC692503.1,1,0
KC692504.1,1,0
KC692505.1,1,0
KC692506.1,1,0
KC692507.1,1,0
KC692508.1,1,0
KC692509.1,1,0
KC692510.1,1,0
KC692512.1,1,0
KC692514.1,1,0
KC692515.1,1,0
KJ189350.1,0,0
KJ189351.1,0,0
KJ189352.1,0,0
KJ189353.1,0,0
KJ189354.1,0,0
KJ189355.1,0,0
KJ189356.1,0,0
KJ189357.1,0,0
KJ189358.1,0,0
KJ189359.1,0,0
KJ189360.1,0,0
KJ189361.1,0,0
KJ189362.1,0,0
KJ189363.1,0,0
KJ189364.1,0,0
KJ189365.1,0,0
KJ189366.1,0,0
KJ189367.1,0,0
KP188540.1,0,0
KP188541.1,0,0
KT279761.2,1,0
KU509249.1,0,0
KU509264.1,0,0
OK605756.1,0,0
AB031663.1,1,1
FJ407092.1,1,1
HM777359.1,1,1
JX227951.1,1,1
JX227953.1,1,1
JX227954.1,1,1
JX227958.1,1,1
JX227959.1,1,1
JX227960.1,1,1
JX227961.1,1,1
JX227962.1,1,1
JX227963.1,1,1
JX227964.1,1,1
JX227965.1,1,1
JX227966.1,1,1
JX227967.1,1,1
JX227968.1,1,1
JX227971.1,1,1
JX227972.1,1,1
JX227978.1,1,1
JX227979.1,1,1
KY014622.1,1,1
LC773637.1,1,1
LC773638.1,1,1
LC773639.1,1,1
LC773640.1,1,1
MN385583.1,1,1
OQ832071.1,1,0
OQ873159.1,1,1
OQ873160.1,1,1
OQ873161.1,1,1
OR345990.1,1,1
OR345991.1,1,1
OR345992.1,1,1
OR345993.1,1,1
OR345994.1,1,1
OR345995.1,1,1
OR345996.1,1,1
OR345997.1,1,1
OR345998.1,1,1
OR345999.1,1,1
OR346000.1,1,1
OR346001.1,1,1
KP723476.1,0,0
KY921902.1,1,0
MF033206.1,1,0
MF033207.1,1,0
MF033208.1,1,0
MF033209.1,1,0
MF033216.1,1,0
MF033217.1,1,0
MF033228.1,1,0
MF033230.1,1,0
MF033240.1,1,0
MF033245.1,1,0
MF033247.1,1,0
MF033249.1,1,0
MF033259.1,1,0
MG767211.1,0,0
MN018285.1,1,0
MN018293.1,1,0
MN018315.1,1,0
MN018322.1,1,0
MN018329.1,1,0
MN018336.1,1,0
OM281571.1,1,1
OM281573.1,1,1
AB690460.1,1,1
AB690461.1,1,1
JX826592.1,1,1
KC967476.1,1,1
KC967477.1,1,1
KC967478.1,1,1
KC967479.1,1,1
KF676351.1,1,1
KM349851.1,1,1
HQ657148.1,1,0
HQ657159.1,1,0
JF766577.1,1,0
JF766588.1,1,0
JF766599.1,1,0
JN013986.1,1,0
JX195073.1,1,0
JX195084.1,1,0
JX195095.1,1,0
KF371666.1,1,0
KF371687.1,1,0
KF371697.1,1,0
KF371707.1,1,0
KF371718.1,1,0
KF371729.1,1,0
KF371740.1,1,0
KF371751.1,1,0
KF371762.1,1,0
KF371773.1,1,0
KF371784.1,1,0
KF371795.1,1,0
KF371806.1,1,0
KF371817.1,1,0
KF371828.1,1,0
KF371839.1,1,0
KF371850.1,1,0
KF371861.1,1,0
KF371872.1,1,0
KF371883.1,1,0
KF371894.1,1,0
KF371904.1,1,0
KF371914.1,1,0
KF371925.1,1,0
KF371936.1,1,0
KF371947.1,1,0
KF371958.1,1,0
KF371969.1,1,0
KF371980.1,1,0
KF371991.1,1,0
KF372002.1,1,0
KF372013.1,1,0
KF447849.1,1,0
KF447860.1,1,0
KF447871.1,1,0
KF726043.1,1,0
KF726054.1,1,0
KF726065.1,1,0
KF726076.1,1,0
KJ870910.1,1,0
KJ870921.1,1,0
KJ870932.1,1,0
KU714443.1,1,0
KX632253.1,1,0
KX632275.1,1,0
KX632297.1,1,0
KX632308.1,1,0
KX632319.1,1,0
KX632330.1,1,0
KX632352.1,1,0
KX655494.1,1,0
MF580882.1,1,0
MF580883.1,1,0
MF580884.1,1,0
MF580885.1,1,0
MF580886.1,1,0
MF580887.1,1,0
MF580888.1,1,0
MH171466.1,1,0
MH171467.1,1,0
MH171468.1,1,0
MH171469.1,1,0
MH171470.1,1,0
MH171471.1,1,0
MH171472.1,1,0
MH171474.1,1,0
MH171475.1,1,0
MH171476.1,1,0
MH171477.1,1,0
MH171478.1,1,0
MH171479.1,1,0
MH171480.1,1,0
MH171481.1,1,0
MW383977.1,1,0
MW383988.1,1,0
MW383999.1,1,0
MW384010.1,1,0
MW384021.1,1,0
MW384032.1,1,0
MW384043.1,1,0
MW384054.1,1,0
MW384065.1,1,0
MW384076.1,1,0
MW384087.1,1,0
MW384098.1,1,0
MW384109.1,1,0
MW384120.1,1,0
MW384131.1,1,0
MW384142.1,1,0
MW384153.1,1,0
MW384164.1,1,0
MW384175.1,1,0
MW384186.1,1,0
MW384197.1,1,0
MW384208.1,1,0
MW384219.1,1,0
MW384230.1,1,0
MW384241.1,1,0
MW384252.1,1,0
MW384263.1,1,0
MW384274.1,1,0
MW384285.1,1,0
MW384296.1,1,0
MW384307.1,1,0
MW384318.1,1,0
MW384329.1,1,0
MW384340.1,1,0
MW384351.1,1,0
MW384362.1,1,0
MW384373.1,1,0
MW384384.1,1,0
MW384395.1,1,0
MW384406.1,1,0
OL906383.1,1,0
OP255988.1,1,0
OP903157.1,1,0
OP937305.1,1,0
OP950168.1,1,0
PP848716.1,1,0
PP848717.1,1,0
PP848718.1,1,0
PP848719.1,1,0
PP848720.1,1,0
KU870392.1,1,1
KU870403.1,1,1
KU870414.1,1,1
MH704734.1,1,1
MH704735.1,1,1
OK349185.1,1,1
OK349196.1,1,1
OP717794.1,1,1
OP717814.1,1,1
OP717819.1,1,1
OP717822.1,1,1
OP717823.1,1,1
OP717824.1,1,1
OP717825.1,1,1
OP717826.1,1,1
OP717827.1,1,1
OP717828.1,1,1
OP717830.1,1,1
OP717831.1,1,1
OP717832.1,1,1
OP717833.1,1,1
OP717834.1,1,1
OP717835.1,1,1
OP717837.1,1,1
OP717838.1,1,1
OP717839.1,1,1
OP717840.1,1,1
OP717841.1,1,1
OP717842.1,1,1
OP717843.1,1,1
OP717844.1,1,1
OP717845.1,1,1
OP717846.1,1,1
OP717847.1,1,1
OP717848.1,1,1
OP717849.1,1,1
OP717850.1,1,1
OP717851.1,1,1
OP717852.1,1,1
OP717853.1,1,1
OP717854.1,1,1
OP717856.1,1,1
OP717857.1,1,1
OP717858.1,1,1
OP717859.1,1,1
OP717860.1,1,1
OP717861.1,1,1
OP717862.1,1,1
OP717863.1,1,1
OP717864.1,1,1
OP717865.1,1,1
OP717866.1,1,1
OP717868.1,1,1
OP717871.1,1,1
OP717872.1,1,1
OP717873.1,1,1
OP717874.1,1,1
OP717875.1,1,1
OP717876.1,1,1
OP717877.1,1,1
OP717878.1,1,1
OP717879.1,1,1
OP717880.1,1,1
OP717881.1,1,1
OP717882.1,1,1
OP717883.1,1,1
OP717884.1,1,1
OP717885.1,1,1
PP848641.1,1,1
PP848642.1,1,1
PP848643.1,1,1
PP848644.1,1,1
PP848645.1,1,1
PP848646.1,1,1
PP848647.1,1,1
PP848648.1,1,1
PP848649.1,1,1
PP848650.1,1,1
PP848651.1,1,1
PP848652.1,1,1
PP848653.1,1,1
PP848654.1,1,1
PP848655.1,1,1
PP848725.1,1,1
PP848760.1,1,1
PP848769.1,1,1
PP848781.1,1,1
DQ873671.1,1,0
DQ873677.1,1,0
DQ873678.1,1,0
EU708580.1,1,0
EU708585.1,1,0
JF460828.1,1,0
JF460839.1,1,0
KF371713.1,1,0
KF371724.1,1,0
KF371735.1,1,0
KF371746.1,1,0
KF371757.1,1,0
KF371768.1,1,0
KF371779.1,1,0
KF371790.1,1,0
KF371801.1,1,0
KF371812.1,1,0
KF371823.1,1,0
KF371834.1,1,0
KF371845.1,1,0
KF371856.1,1,0
KF371867.1,1,0
KF371878.1,1,0
KF371889.1,1,0
KF371920.1,1,0
KF371931.1,1,0
KF371942.1,1,0
KF371953.1,1,0
KF371964.1,1,0
KF371975.1,1,0
KF371986.1,1,0
KF371997.1,1,0
KF372008.1,1,0
KF372019.1,1,0
KJ187604.1,1,0
KX632281.1,1,0
KX632336.1,1,0
KX655444.1,1,0
KX655445.1,1,0
KX655478.1,1,0
OL906385.1,1,0
OP937300.1,1,0
PP848612.1,1,0
PP848613.1,1,0
PP848614.1,1,0
PP848615.1,1,0
PP848616.1,1,0
PP848617.1,1,0
PP848618.1,1,0
DQ005122.1,1,0
HQ657163.1,1,0
JF460815.1,1,0
JF460826.1,1,0
JF460837.1,1,0
JN013996.1,1,0
JN013997.1,1,0
KF447842.1,1,0
KF447853.1,1,0
KF447864.1,1,0
KF726034.1,1,0
KF726056.1,1,0
KF726067.1,1,0
KJ870881.1,1,0
KJ870892.1,1,0
KJ870903.1,1,0
KJ870914.1,1,0
KJ870925.1,1,0
KX632268.1,1,0
KX632279.1,1,0
KX632334.1,1,0
KX655441.1,1,0
KX655442.1,1,0
KX655454.1,1,0
KX655476.1,1,0
OP937298.1,1,0
PP848561.1,1,0
PP848562.1,1,0
PP848563.1,1,0
PP848564.1,1,0
PP848565.1,1,0
PP848566.1,1,0
PP848567.1,1,0
PP848568.1,1,0
OP717762.1,1,1
OP717771.1,1,1
OP717772.1,1,1
OP717773.1,1,1
OP717774.1,1,1
OP717775.1,1,1
OP717776.1,1,1
OP717777.1,1,1
OP717778.1,1,1
OP717779.1,1,1
OP717780.1,1,1
OP717781.1,1,1
OP717782.1,1,1
OP717783.1,1,1
OP717784.1,1,1
OP717785.1,1,1
PP848631.1,1,1
GQ506459.1,0,0
GQ506496.1,0,0
GQ506544.1,0,0
JQ822256.1,0,0
JQ972839.1,0,0
JQ972849.1,0,0
JQ972869.1,0,0
JX272377.1,0,0
JX272437.1,0,0
JX272457.1,0,0
JX272477.1,0,0
JX272497.1,0,0
JX272507.1,0,0
JX272517.1,0,0
JX272537.1,0,0
JX272547.1,0,0
JX272587.1,0,0
JX272597.1,0,0
JX680455.1,0,0
KJ019213.1,0,0
KJ577102.1,0,0
KJ577112.1,0,0
KJ577122.1,0,0
KJ577132.1,0,0
KJ661737.1,0,0
KM233622.1,0,0
KP821824.1,0,0
KP821825.1,0,0
KP821826.1,0,0
KP821828.1,0,0
KP821840.1,0,0
KP821841.1,0,0
KP821842.1,0,0
KP821843.1,0,0
KP821844.1,0,0
KP821845.1,0,0
KP821846.1,0,0
KP821847.1,0,0
KP821848.1,0,0
KP821849.1,0,0
KP821853.1,0,0
KP821854.1,0,0
KP821857.1,0,0
KP821858.1,0,0
KP821859.1,0,0
KP821860.1,0,0
KP821861.1,0,0
KP821863.1,0,0
KP821864.1,0,0
KP821865.1,0,0
KP821866.1,0,0
KP821867.1,0,0
KP821870.1,0,0
KP821871.1,0,0
KP821873.1,0,0
KP821874.1,0,0
KP821877.1,0,0
KP821878.1,0,0
KP821879.1,0,0
KP821880.1,0,0
KP821881.1,0,0
KP821882.1,0,0
KP821883.1,0,0
KP821886.1,0,0
KP821887.1,0,0
KP821892.1,0,0
KP821893.1,0,0
KP821894.1,0,0
KP821900.1,0,0
KP821901.1,0,0
KP821902.1,0,0
KP821904.1,0,0
KP821905.1,0,0
KP821906.1,0,0
KP821907.1,0,0
KP821908.1,0,0
KP821911.1,0,0
KP821913.1,0,0
KP821915.1,0,0
KP821916.1,0,0
KP821917.1,0,0
KP821918.1,0,0
KP821919.1,0,0
KP821920.1,0,0
KP821921.1,0,0
KP821930.1,0,0
KP821931.1,0,0
KP821932.1,0,0
KP821933.1,0,0
KP821938.1,0,0
KP821939.1,0,0
KP821940.1,0,0
KP821941.1,0,0
KP821942.1,0,0
KP821943.1,0,0
KT317670.1,0,0
KT317680.1,0,0
KT317690.1,0,0
KT885063.1,0,0
KT885083.1,0,0
KU569998.1,0,0
KX164027.1,0,0
KX164037.1,0,0
KX164047.1,0,0
KX599367.1,0,0
KY049851.1,0,0
KY049861.1,0,0
KY049870.1,0,0
KY049879.1,0,0
KY049888.1,0,0
KY654336.1,0,0
MH383097.1,0,0
MH778125.1,0,0
MN528152.1,0,0
MN528162.1,0,0
MN528172.1,0,0
MN528182.1,0,0
MN528202.1,0,0
MT028387.1,0,0
MT028397.1,0,0
MT815632.1,0,0
MT815642.1,0,0
MT815652.1,0,0
MT815662.1,0,0
MT815672.1,0,0
MT815682.1,0,0
MT815702.1,0,0
MT879209.1,0,0
MT952979.1,0,0
MW001809.1,0,0
MW001819.1,0,0
MW001839.1,0,0
MW001849.1,0,0
MW001859.1,0,0
MW456745.1,0,0
MW456755.1,0,0
MW528445.1,0,0
MW528455.1,0,0
OM523095.1,0,0
OP122105.1,0,0
OP122115.1,0,0
OP186414.1,0,0
OP186424.1,0,0
OQ001242.1,0,0
OQ847483.1,0,0
OQ847493.1,0,0
OQ860943.1,0,0
OR500242.1,0,0
OR500252.1,0,0
OR604000.1,0,0
OR611734.1,0,0
OR611744.1,0,0
OR611754.1,0,0
PP199199.1,0,0
PP199229.1,0,0
PP199269.1,0,0
PP199279.1,0,0
PP199299.1,0,0
PP199309.1,0,0
PP262570.1,0,0
PP896810.1,0,0
GQ506451.1,0,0
GQ506472.1,0,0
GQ506488.1,0,0
GQ506498.1,0,0
GQ506506.1,0,0
GQ506516.1,0,0
GQ506526.1,0,0
JN848759.1,0,0
JQ904073.1,0,0
JQ972831.1,0,0
JQ972841.1,0,0
JQ972851.1,0,0
JX272369.1,0,0
JX272379.1,0,0
JX272389.1,0,0
JX272429.1,0,0
JX272439.1,0,0
JX272469.1,0,0
JX272479.1,0,0
JX272489.1,0,0
JX272499.1,0,0
JX272509.1,0,0
JX272519.1,0,0
JX272529.1,0,0
JX272539.1,0,0
JX272549.1,0,0
JX272559.1,0,0
JX272569.1,0,0
JX272579.1,0,0
JX272589.1,0,0
JX272599.1,0,0
JX680447.1,0,0
JX680457.1,0,0
KM233614.1,0,0
KP820862.1,0,0
KP820866.1,0,0
KP820872.1,0,0
KP820897.1,0,0
KP820907.1,0,0
KP820910.1,0,0
KP820911.1,0,0
KP820915.1,0,0
KP820916.1,0,0
KP820919.1,0,0
KP820920.1,0,0
KP820927.1,0,0
KP820931.1,0,0
KP820933.1,0,0
KP820934.1,0,0
KP820939.1,0,0
KP820940.1,0,0
KP820952.1,0,0
KP820953.1,0,0
KP820954.1,0,0
KP820955.1,0,0
KP820957.1,0,0
KP820963.1,0,0
KP820966.1,0,0
KP820967.1,0,0
KP820969.1,0,0
KP820974.1,0,0
KP820976.1,0,0
KP820978.1,0,0
KP820979.1,0,0
KT002578.1,0,0
KT317665.1,0,0
KT317675.1,0,0
KT317685.1,0,0
KT317695.1,0,0
KT885055.1,0,0
KT885065.1,0,0
KT885075.1,0,0
KU569990.1,0,0
KX164029.1,0,0
KY049843.1,0,0
KY049853.1,0,0
KY654328.1,0,0
MH383089.1,0,0
MN528144.1,0,0
MN528154.1,0,0
MN528174.1,0,0
MN528194.1,0,0
MT024754.1,0,0
MT028389.1,0,0
MT815684.1,0,0
MT879201.1,0,0
MT952971.1,0,0
MW001811.1,0,0
MW001831.1,0,0
MW001841.1,0,0
MW001851.1,0,0
MW046280.1,0,0
MW456747.1,0,0
MW528447.1,0,0
NC_006023.1,0,0
OK507975.1,0,0
OM523087.1,0,0
OP122097.1,0,0
OP122107.1,0,0
OP186406.1,0,0
OP186416.1,0,0
OQ001234.1,0,0
OQ860935.1,0,0
OR500234.1,0,0
OR500244.1,0,0
OR603992.1,0,0
PP199191.1,0,0
PP199221.1,0,0
PP199261.1,0,0
PP199271.1,0,0
PP199291.1,0,0
PP199301.1,0,0
PP262562.1,0,0
GQ506549.1,0,0
JQ742008.1,0,0
KF446256.1,0,0
KF446258.1,0,0
KF446259.1,0,0
KF446260.1,0,0
KF446261.1,0,0
KF446262.1,0,0
KF446263.1,0,0
KF446264.1,0,0
KM886346.1,0,0
KM886356.1,0,0
KP939378.1,0,0
KP939379.1,0,0
KP939381.1,0,0
KP939433.1,0,0
KP939435.1,0,0
KP939497.1,0,0
KP939502.1,0,0
KP939503.1,0,0
KP939504.1,0,0
KP939597.1,0,0
KP939599.1,0,0
KP939603.1,0,0
KP939604.1,0,0
KP939606.1,0,0
KP939718.1,0,0
KP939719.1,0,0
KP939720.1,0,0
KP939721.1,0,0
KP939723.1,0,0
KP939725.1,0,0
KP939944.1,0,0
KP940153.1,0,0
KY471481.1,0,0
KY471482.1,0,0
KY471483.1,0,0
KY471484.1,0,0
KY471485.1,0,0
KY471486.1,0,0
KY471487.1,0,0
KY471488.1,0,0
MW038756.1,0,0
MW038758.1,0,0
MW038759.1,0,0
MW038761.1,0,0
MW038762.1,0,0
NC_006017.1,0,0
OL697721.1,0,0
OP455577.1,0,0
JQ796732.1,0,0
KP009659.1,0,0
KP009679.1,0,0
KP009689.1,0,0
KP009699.1,0,0
KP009729.1,0,0
KP939409.1,0,0
KP939412.1,0,0
KP939468.1,0,0
KP939550.1,0,0
KP939553.1,0,0
KP939554.1,0,0
KP939674.1,0,0
KP939675.1,0,0
KP939678.1,0,0
KP939679.1,0,0
KP939682.1,0,0
KP939683.1,0,0
KP939782.1,0,0
KP939787.1,0,0
KP939902.1,0,0
KP939905.1,0,0
KP939908.1,0,0
KP939909.1,0,0
KP939910.1,0,0
KP939911.1,0,0
KP939913.1,0,0
KP939914.1,0,0
KP939984.1,0,0
KP939987.1,0,0
KP939989.1,0,0
KP940095.1,0,0
KP940096.1,0,0
KP940097.1,0,0
KP940098.1,0,0
KP940099.1,0,0
KP940101.1,0,0
KP940103.1,0,0
KP940104.1,0,0
GU390658.1,0,0
JN671906.1,0,0
JN881985.1,0,0
JQ771813.1,0,0
JQ924820.1,0,0
JX007923.1,0,0
JX272399.1,0,0
JX272409.1,0,0
JX272419.1,0,0
JX272459.1,0,0
KC879615.1,0,0
KF387521.1,0,0
KF560417.1,0,0
KF664103.1,0,0
KF664113.1,0,0
KF664123.1,0,0
KF664133.1,0,0
KP339204.1,0,0
KP820865.1,0,0
KP820868.1,0,0
KP820869.1,0,0
KP820873.1,0,0
KP820874.1,0,0
KP820958.1,0,0
KP820960.1,0,0
KP820961.1,0,0
KP820970.1,0,0
KP820971.1,0,0
KP820973.1,0,0
KU234257.1,0,0
MG206077.1,0,0
MG924986.1,0,0
MK250956.1,0,0
MN227137.1,0,0
MN695908.1,0,0
OL333534.1,0,0
GQ506456.1,0,0
JX272444.1,0,0
JX272544.1,0,0
JX680452.1,0,0
KJ872781.1,0,0
KP821462.1,0,0
KP821463.1,0,0
KP821464.1,0,0
KP821554.1,0,0
KP821555.1,0,0
KP821558.1,0,0
KP821559.1,0,0
KP821581.1,0,0
KT317689.1,0,0
KU569995.1,0,0
KY049885.1,0,0
MN528149.1,0,0
MN528159.1,0,0
MN528169.1,0,0
MN528179.1,0,0
MN528199.1,0,0
MW001836.1,0,0
MW528442.1,0,0
OM523092.1,0,0
OQ860940.1,0,0
OR500249.1,0,0
PP199266.1,0,0
PP199276.1,0,0
PP199296.1,0,0
PP199306.1,0,0
GQ506536.1,0,0
JQ822248.1,0,0
JQ972861.1,0,0
JX272449.1,0,0
KX164019.1,0,0
KX164039.1,0,0
KY049863.1,0,0
KY049872.1,0,0
KY049881.1,0,0
MH778126.1,0,0
MT815624.1,0,0
MT815634.1,0,0
MT815644.1,0,0
MT815654.1,0,0
MT815664.1,0,0
MT815674.1,0,0
MT815694.1,0,0
MW456737.1,0,0
OQ847475.1,0,0
OQ847485.1,0,0
OR611726.1,0,0
OR611736.1,0,0
OR611746.1,0,0
PP896802.1,0,0
L33818.1,0,0
L33821.1,0,0
L33822.1,0,0
L33823.1,0,0
L33824.1,0,0
L33825.1,0,0
L33826.1,0,0
MH845240.1,0,0
MH845250.1,0,0
MH845260.1,0,0
MH845270.1,0,0
MH845280.1,0,0
MH845290.1,0,0
MH845300.1,0,0
MH845310.1,0,0
MH845320.1,0,0
MH845330.1,0,0
MH845340.1,0,0
MH845350.1,0,0
MH845360.1,0,0
MH845370.1,0,0
MH845380.1,0,0
HM641781.1,0,0
MH845248.1,0,0
MH845258.1,0,0
MH845268.1,0,0
MH845278.1,0,0
MH845288.1,0,0
MH845298.1,0,0
MH845308.1,0,0
MH845318.1,0,0
MH845328.1,0,0
MH845338.1,0,0
MH845348.1,0,0
MH845358.1,0,0
MH845368.1,0,0
MH845378.1,0,0
MH845388.1,0,0
MH845398.1,0,0
NC_013405.1,0,0
KP009656.1,0,0
KP009776.1,0,0
KP939633.1,0,0
KP939634.1,0,0
KP939635.1,0,0
KP939636.1,0,0
KP939637.1,0,0
KP939638.1,0,0
KP939639.1,0,0
KP939640.1,0,0
KP939641.1,0,0
KP939642.1,0,0
KP939643.1,0,0
KP939644.1,0,0
KP939645.1,0,0
NC_006018.1,0,0
KF446274.1,0,0
KP939373.1,0,0
KP939374.1,0,0
KP939375.1,0,0
KP939376.1,0,0
KP939377.1,0,0
KY471473.1,0,0
KY471474.1,0,0
KY471475.1,0,0
KY471476.1,0,0
KY471477.1,0,0
KY471478.1,0,0
JX272534.1,0,0
KP821565.1,0,0
KP821568.1,0,0
KP821569.1,0,0
KP821570.1,0,0
KP821571.1,0,0
KT885060.1,0,0
KT885080.1,0,0
KY049867.1,0,0
OQ001239.1,0,0
MN873604.1,0,0
MN873614.1,0,0
MN873624.1,0,0
MN873634.1,0,0
MN873644.1,0,0
MN873654.1,0,0
MN873664.1,0,0
MN873674.1,0,0
MN873684.1,0,0
KP821164.1,0,0
KP821165.1,0,0
KP821166.1,0,0
KP821167.1,0,0
KP821168.1,0,0
KP821178.1,0,0
KP821179.1,0,0
KP821180.1,0,0
KR822289.1,0,0
MT793639.1,0,0
NC_027813.1,0,0
ON040943.1,0,0
ON040953.1,0,0
ON211602.1,0,0
ON211612.1,0,0
OP381197.1,0,0
PP199328.1,0,0
PP199338.1,0,0
PP199348.1,0,0
KC432634.1,0,0
NC_006003.1,0,0
EU583389.1,0,0
EU583390.1,0,0
EU583391.1,0,0
EU583392.1,0,0
HQ891825.1,0,0
JF333590.1,0,0
KC178571.1,0,0
KC184133.1,0,0
KC478066.1,0,0
KC996729.1,0,0
KC996730.1,0,0
KM272560.1,0,0
KR029617.1,0,0
KR091959.1,0,0
KR091960.1,0,0
KR136258.1,0,0
KT232256.1,0,0
KT598505.1,0,0
KT598506.1,0,0
KT751090.1,0,0
KU641558.1,0,0
KU684472.1,0,0
KU844283.1,0,0
KX384726.2,0,0
KY475562.1,0,0
KY511124.1,0,0
KY511292.1,0,0
KY679174.1,0,0
LC651623.1,0,0
MF438102.1,0,0
MF942876.1,0,0
MH209633.1,0,0
MH444513.1,0,0
MH444514.1,0,0
MH717783.2,0,0
MH717784.1,0,0
MH717785.1,0,0
MK000549.1,0,0
MK281602.1,0,0
MK281603.1,0,0
MK281604.1,0,0
MK281605.1,0,0
MK736656.1,0,0
MN356043.1,0,0
MN356044.1,0,0
MN356045.1,0,0
MN415966.1,0,0
MN415967.1,0,0
MN415968.1,0,0
MN415969.1,0,0
MN415970.1,0,0
MN415971.1,0,0
MN415972.1,0,0
MN549532.1,0,0
MN549533.1,0,0
MT010852.1,0,0
MT646163.1,0,0
MT646164.1,0,0
MT939902.1,0,0
MT939903.1,0,0
MT939904.1,0,0
MW386077.1,0,0
MW386078.1,0,0
MW386079.1,0,0
MW811195.1,0,0
MW811196.1,0,0
MW811197.1,0,0
MW811198.1,0,0
MW811199.1,0,0
NC_001701.1,0,0
ON416871.1,0,0
ON637108.1,0,0
ON645931.1,0,0
OP265005.1,0,0
OP265006.1,0,0
OP265007.1,0,0
OP265008.1,0,0
OQ161620.1,0,0
OQ623690.1,0,0
OQ623691.1,0,0
OQ623692.1,0,0
OQ941787.1,0,0
OQ941788.1,0,0
OR416224.1,0,0
OR416225.1,0,0
OR416226.1,0,0
OR532763.1,0,0
OR532764.1,0,0
OR544341.1,0,0
OR777281.1,0,0
PP236942.1,0,0
PQ241039.1,0,0
PQ241040.1,0,0
PQ241041.1,0,0
PQ272760.1,0,0
U25749.1,0,0
AF218266.2,0,0
EF633688.1,0,0
GQ411199.1,0,0
JN377975.1,0,0
JX258653.1,0,0
JX840067.1,0,0
KF031144.1,0,0
KF214742.1,0,0
KF907320.1,0,0
KF907321.1,0,0
KP733857.1,0,0
KP733858.1,0,0
KP733859.1,0,0
KP733860.1,0,0
KP733861.1,0,0
KP733862.1,0,0
KP742841.1,0,0
KT316255.1,0,0
MN968716.1,0,0
MN968717.1,0,0
MW357689.1,0,0
MW357690.1,0,0
MW357692.1,0,0
MW357693.1,0,0
MW357695.1,0,0
MW357697.1,0,0
MW357698.1,0,0
MW357699.1,0,0
MW357700.1,0,0
NC_002190.2,0,0
OM728639.1,0,0
OM728640.1,0,0
OM728641.1,0,0
OM728642.1,0,0
OM728643.1,0,0
OM728644.1,0,0
OM892332.1,0,0
OM920501.1,0,0
OM920509.1,0,0
OP172522.1,0,0
OP172523.1,0,0
OP172524.1,0,0
OP172525.1,0,0
OP172526.1,0,0
OP172527.1,0,0
OP172528.1,0,0
OP172529.1,0,0
OP172530.1,0,0
DQ000496.1,1,1
HM145750.1,0,0
KY629421.1,1,1
NC_007455.1,1,1
NC_014358.1,0,0
AB550331.1,1,0
AF162273.1,1,0
AY386330.1,1,0
AY504945.1,1,1
FJ591158.1,1,0
KM393163.1,1,0
KM393164.1,1,0
KM393165.1,1,0
KM393166.1,1,0
KM393167.1,1,0
KM393168.1,1,0
KM393169.1,1,0
KT268312.1,1,0
KT310174.1,1,1
MH201455.1,1,0
MH201456.1,1,0
MN765167.1,1,0
MN765168.1,1,0
MN765169.1,1,0
MN765170.1,1,0
MN765171.1,1,1
MT410184.1,1,1
MT410187.1,1,0
MZ695225.1,1,0
NC_000883.2,1,0
NC_004295.1,1,1
OK482575.1,1,0
OK482576.1,1,0
ON023018.1,1,1
ON023019.1,1,1
ON023020.1,1,0
ON023022.1,1,0
ON023023.1,1,1
ON023025.1,1,1
ON023026.1,1,0
ON023027.1,1,1
ON113045.1,1,0
OR138122.1,1,0
OR578523.1,1,0
OR578524.1,1,0
OR664019.1,1,0
PP818758.1,1,0
AY622943.1,1,0
KM390024.1,1,0
KM390025.1,1,0
KU871314.1,1,0
KU871315.1,1,0
MZ820170.1,1,0
NC_007018.1,1,0
AB032553.1,0,0
AY702913.1,0,0
EF011023.1,0,0
EF631998.1,0,0
EF631999.1,0,0
EU015061.1,0,0
EU015062.1,0,0
EU015063.1,0,0
KY363862.1,0,0
KY363863.1,0,0
LC079086.1,0,0
LC079087.1,0,0
LC079088.1,0,0
LC079089.1,0,0
LC107870.1,0,0
LC152056.1,0,0
LC212972.1,0,0
LC212973.1,0,0
LC223130.1,0,0
LC223131.1,0,0
LC223132.1,0,0
LC534253.1,0,0
LC710656.1,0,0
LC710657.1,0,0
LC814433.1,0,0
MF741771.1,0,0
MG865965.1,0,0
MG865966.1,0,0
MG865967.1,0,0
MG865968.1,0,0
MG865969.1,0,0
MG869691.1,0,0
MH722255.1,0,0
MH722256.1,0,0
MK693225.1,0,0
MN478486.1,0,0
MN478487.1,0,0
MN849355.1,0,0
MT086508.1,0,0
MT086509.1,0,0
MT210319.1,0,0
MT269657.1,0,0
MW404214.1,0,0
MW410934.1,0,0
MZ388464.1,0,0
MZ736786.1,0,0
MZ736787.1,0,0
MZ736788.1,0,0
MZ736789.1,0,0
MZ736790.1,0,0
MZ736791.1,0,0
MZ736792.1,0,0
MZ736793.1,0,0
MZ736794.1,0,0
MZ736795.1,0,0
MZ736796.1,0,0
MZ736797.1,0,0
MZ736798.1,0,0
MZ736799.1,0,0
MZ736800.1,0,0
MZ736801.1,0,0
NC_006558.1,0,0
OK423758.1,0,0
OL352731.1,0,0
OM363683.1,0,0
ON843770.1,0,0
ON987235.1,0,0
OP004827.1,0,0
OP004828.1,0,0
OP593308.1,0,0
OP593309.1,0,0
OP683724.1,0,0
OP683725.1,0,0
OP683726.1,0,0
OP683727.1,0,0
OP747412.1,0,0
OQ863732.1,0,0
OQ968487.1,0,0
OR371719.1,0,0
OR373097.1,0,0
OR487192.1,0,0
PP236766.1,0,0
PP623164.1,0,0
PQ034602.1,0,0
EF012359.1,0,1
EF027134.1,1,1
EF027135.1,0,1
EF027136.1,0,1
EF027137.1,0,1
EF027138.1,0,1
EU244823.2,0,1
GU908223.1,0,1
HQ456251.1,0,1
HQ456252.1,0,1
HQ456254.1,0,1
HQ456255.1,0,1
KC149887.1,0,1
KC149888.1,0,1
KC149889.1,0,1
KC614648.1,0,1
KJ796844.1,1,1
KJ796845.1,1,1
KJ796846.1,1,1
KJ796847.1,1,1
KJ796852.1,1,1
KP164869.1,0,1
KT336777.1,1,1
KT336778.1,1,1
KT336779.1,1,1
KT336780.1,1,1
KT336781.1,1,1
KT336782.1,1,1
MH229986.1,0,1
ON838556.1,0,1
ON887079.1,0,1
ON887080.1,0,1
KP164571.1,1,1
KT327163.2,1,1
KT327165.2,1,1
KT327166.2,1,1
KT327167.2,1,1
KX262991.1,1,1
KY680348.1,1,1
KY680356.1,1,1
KY680358.1,1,1
KY680359.1,1,1
KY680362.1,1,1
KY680363.1,1,1
KY680367.1,1,1
KY680369.1,1,1
KY680370.1,1,1
KY680372.1,1,1
KY680374.1,1,1
KY680382.1,1,1
KY680383.1,1,1
KY680393.1,1,1
KY680397.1,1,1
KY680402.1,1,1
KY680403.1,1,1
KY680404.1,1,1
KY680405.1,1,1
KY680406.1,1,1
KY680411.1,1,1
KY680413.1,1,1
KY703893.1,1,1
KY703895.1,1,1
KY703901.1,1,1
KY703905.1,1,1
KY703908.1,1,1
KY703927.1,1,1
KY703940.1,1,1
KY703942.1,1,1
KY703945.1,1,1
KY703946.1,1,1
KY703950.1,1,1
KY703952.1,1,1
KY703955.1,1,1
KY703957.1,1,1
KY703960.1,1,1
KY703967.1,1,1
KY703969.1,1,1
KY703970.1,1,1
KY703978.1,1,1
KY703985.1,1,1
KY703986.1,1,1
KY703987.1,1,1
KY703990.1,1,1
KY703993.1,1,1
KY703994.1,1,1
KY703997.1,1,1
KY703999.1,1,1
KY704000.1,1,1
LC500215.1,1,1
LC500216.1,1,1
LC500217.1,1,1
LC500218.1,1,1
LC500219.1,1,1
LC500220.1,1,1
LC500221.1,1,1
LC500222.1,1,1
MH329297.1,1,1
MH329302.1,1,1
MH329304.1,1,1
MH359139.1,1,1
MH359140.1,1,1
OQ148618.1,1,1
OQ148619.1,1,1
OQ148620.1,1,1
OQ148621.1,1,1
OQ148622.1,1,1
OQ148623.1,1,1
OQ148624.1,1,1
OQ148627.1,1,1
OQ148628.1,1,1
OQ148639.1,1,1
OQ148651.1,1,1
OQ148652.1,1,1
OQ148655.1,1,1
OQ148656.1,1,1
OQ148659.1,1,1
NC_075973.1,0,0
NC_055526.1,0,0
NC_038332.1,0,0
NC_024474.1,0,0
NC_014899.1,0,0
NC_014564.2,0,0
PP537790.1,0,0
PP495491.1,0,0
PP153927.1,0,0
OR975470.1,0,0
OR901942.1,0,0
OQ225144.1,0,0
ON642334.1,0,0
OL456208.1,0,0
OK188966.1,0,0
MW544162.1,0,0
MN417117.1,0,0
MN986926.1,0,0
MK572852.1,0,0
MK572853.1,0,0
MK572854.1,0,0
MK572855.1,0,0
MK572856.1,0,0
MK572857.1,0,0
MK572858.1,0,0
MK572859.1,0,0
MK572861.1,0,0
MK572862.1,0,0
MK572863.1,0,0
MK572864.1,0,0
MK518392.1,0,0
MK387061.1,0,0
MG712775.1,0,0
MF577036.1,0,0
KX077988.1,0,0
KX258422.1,0,0
KT862808.1,0,0
KT862809.1,0,0
KT862810.1,0,0
KT862811.1,0,0
HM049560.1,0,0
GU936707.2,0,0
FN824512.2,0,0
AY421748.1,0,0
NC_075965.1,0,0
NC_025962.1,0,0
NC_015932.1,0,0
AC_000002.1,0,0
NC_001876.1,0,0
MN411632.1,0,0
MN411633.1,0,0
MK774519.1,0,0
MK625182.1,0,0
KJ675568.1,0,0
JN381195.1,0,0
JN252129.1,0,0
AF030154.1,0,0
NC_010956.1,1,0
OR958034.1,1,0
LC791186.1,1,1
OR777158.1,1,0
OR777159.1,1,0
OR777160.1,1,0
OR777162.1,1,1
OR777219.1,1,1
OR777224.1,1,0
OR777228.1,1,1
OR777237.1,1,0
OR753098.1,1,0
OR753119.1,1,0
OR753124.1,1,0
OR753134.1,1,0
OK188910.1,1,1
OK188911.1,1,1
OQ679041.1,1,1
OQ128326.1,1,1
OQ128327.1,1,1
OM830314.1,1,1
OM830315.1,1,1
OM830316.1,1,1
ON393913.1,1,1
AB894860.1,1,1
AB894861.1,1,1
AB894862.1,1,0
MK501726.1,1,1
MZ384004.1,1,0
LC652931.1,1,0
MW694832.1,1,1
LC649229.1,1,1
MW805358.1,1,0
MW805359.1,1,0
MW805360.1,1,0
AB679751.1,1,1
LC595640.1,1,0
LC589687.1,1,0
AB550823.1,1,1
MK174992.1,1,1
KY618679.1,1,1
MK116618.1,1,1
MF476839.1,1,1
MF476840.1,1,0
MF476841.1,1,1
MF476842.1,1,0
MF476843.1,1,1
MF476844.1,1,1
LC314153.1,1,1
KY618676.1,1,1
KY618677.1,1,0
KY618678.1,1,1
MF416150.1,1,1
KX868297.2,1,1
LC215422.1,1,1
LC215424.1,1,1
LC215425.1,1,0
LC215426.1,1,1
LC215428.1,1,1
LC215429.1,1,1
LC215430.1,1,0
LC215431.1,1,0
LC215433.1,1,1
LC215434.1,1,1
LC215435.1,1,1
LC215436.1,1,1
LC215437.1,1,1
LC215438.1,1,1
LC215439.1,1,1
LC215440.1,1,1
LC215441.1,1,1
LC215442.1,1,1
LC215443.1,1,1
LC215444.1,1,1
LC215445.1,1,0
KX827426.1,1,1
AB695622.1,1,1
LC066535.1,1,1
KP641339.1,1,0
KJ626291.1,1,1
KJ626292.1,1,1
AB765926.1,1,1
KF279629.1,1,0
KF268122.1,1,1
KF268197.1,1,1
KF268201.1,1,0
KF268203.1,1,1
KF268204.1,1,0
KF268206.1,1,0
KF268207.1,1,1
KF268208.1,1,1
KF268209.1,1,0
KF268211.1,1,0
KF268312.1,1,0
KF268313.1,1,0
KF268319.1,1,1
KF268320.1,1,0
KF268322.1,1,0
KF268324.1,1,0
KF268325.1,1,0
KF268327.1,1,1
KF268329.1,1,0
KF268330.1,1,1
KF268332.1,1,0
KF268333.1,1,0
KF268334.1,1,0
KF268335.1,1,1
KC529648.1,1,1
AB695621.1,1,1
AB724351.1,1,1
AB746854.1,1,1
JN226746.1,1,1
JN226747.1,1,1
JN226748.1,1,1
JN226749.1,1,1
JN226750.1,1,1
JN226751.1,1,1
JN226752.1,1,1
JN226753.1,1,1
JN226754.1,1,1
JN226756.1,1,0
JN226757.1,1,0
JN226758.1,1,1
JN226759.1,1,1
JN226760.1,1,0
JN226761.1,1,1
JN226762.1,1,1
JN226763.1,1,0
JN226764.1,1,0
JN226765.1,1,0
AP012302.1,1,1
JQ326209.1,1,0
JN226755.1,1,1
AP012285.1,1,1
JN935766.1,1,1
HQ007053.1,1,1
JN162671.1,1,0
JN162672.1,1,0
JF799911.1,1,1
HQ910407.1,1,0
HQ883276.1,1,1
AB605240.1,1,1
AB605241.1,1,1
AB605242.1,1,1
AB605243.1,1,1
AB605244.1,1,1
AB605245.1,1,1
AB605246.1,1,1
AB562586.1,1,0
AB562587.1,1,1
AB562588.1,1,0
HM770721.2,1,0
GQ384080.1,1,1
FJ619037.1,1,1
FJ824826.1,1,0
AB448771.1,1,1
AB448775.1,1,1
AB448776.1,1,1
AB448777.1,1,1
AB448778.1,1,1
FJ404771.1,1,1
FJ169625.1,1,1
DQ900900.1,1,1
EF153473.1,1,1
EF153474.1,1,1
DQ393829.1,1,1
AY875648.1,1,1
AJ854486.1,1,0
AB679754.1,1,1
AB679755.1,1,1
AP014840.1,1,1
AP014841.1,1,1
AP014842.1,1,1
AP014843.1,1,1
AP014846.1,1,1
AP014848.1,1,1
KY996452.1,1,1
KX384952.1,1,1
KX384953.1,1,1
KX384954.1,1,1
KX384955.1,1,1
KX384956.1,1,1
NC_075563.1,0,0
NC_075564.1,0,0
NC_076509.1,0,0
NC_063268.1,0,0
NC_043054.1,0,0
NC_005261.3,0,0
PP897810.1,0,0
OP035381.1,0,0
MZ420492.1,0,0
MG989243.1,0,0
MH036942.1,0,0
MH036943.1,0,0
MH724202.1,0,0
MH724203.1,0,0
MH724204.1,0,0
MH724205.1,0,0
MH724206.1,0,0
MH724207.1,0,0
MH724208.1,0,0
MH724209.1,0,0
MH724210.1,0,0
MH751898.1,0,0
MH751899.1,0,0
MH751900.1,0,0
MH751901.1,0,0
MH598936.1,0,0
MH598937.1,0,0
MH598938.1,0,0
MH791336.1,0,0
MH791337.1,0,0
MH791338.1,0,0
MH791339.1,0,0
MH791340.1,0,0
MH791341.1,0,0
KY559403.2,0,0
MF421714.1,0,0
MG407775.1,0,0
MG407776.1,0,0
MG407777.1,0,0
MG407778.1,0,0
MG407779.1,0,0
MG407780.1,0,0
MG407781.1,0,0
MG407782.1,0,0
MG407783.1,0,0
MG407784.1,0,0
MG407785.1,0,0
MG407786.1,0,0
MG407787.1,0,0
MG407788.1,0,0
MG407789.1,0,0
MG407790.1,0,0
MG407791.1,0,0
MG407792.1,0,0
KY549446.1,0,0
KU936049.1,0,0
KU198480.2,0,0
KM258880.1,0,0
KM258881.1,0,0
KM258882.1,0,0
KM258883.1,0,0
JX898220.1,0,0
AY261359.1,0,0
AJ004801.1,0,0
NC_001806.2,1,0
OQ724831.1,1,0
OQ724832.1,1,0
OQ724833.1,1,0
OQ724834.1,1,0
OQ724835.1,1,0
OQ724863.1,1,0
OQ724864.1,1,0
OQ724865.1,1,0
OQ724866.1,1,0
OQ724867.1,1,0
OQ724868.1,1,0
OQ724888.1,1,0
OQ724889.1,1,0
OQ724890.1,1,0
OQ724891.1,1,0
OQ724892.1,1,0
OQ724893.1,1,0
OQ724894.1,1,0
OQ724895.1,1,0
OQ724910.1,1,0
OQ724911.1,1,0
OQ724912.1,1,0
OQ724913.1,1,0
OQ724914.1,1,0
OQ724915.1,1,0
OQ724932.1,1,0
OQ724933.1,1,0
OQ724934.1,1,0
OQ724935.1,1,0
OQ724936.1,1,0
OQ724938.1,1,0
OQ724939.1,1,0
OQ724940.1,1,0
OQ724941.1,1,0
OP871840.1,1,0
OP871841.1,1,0
OP871843.1,1,0
OP871844.1,1,0
OP871845.1,1,0
OP871846.1,1,0
OP871847.1,1,0
OP871848.1,1,0
OP871849.1,1,0
OP871850.1,1,0
OP871851.1,1,0
OP871852.1,1,0
OP871854.1,1,0
OP871855.1,1,0
OP871856.1,1,0
OP871857.1,1,0
OP871858.1,1,0
OP871859.1,1,0
ON513441.1,1,0
OP297874.1,1,0
MN159383.1,1,0
MN136523.1,1,0
MN136524.1,1,0
MH480513.1,1,0
MH319852.1,1,0
MH999839.1,1,0
MH999840.1,1,0
MF156584.1,1,0
KX424525.1,1,0
KT887224.1,1,0
KT899744.1,1,0
KT425109.1,1,0
KJ847330.1,1,0
KF498959.1,1,0
JQ780693.1,1,0
JQ673480.1,1,0
JN555585.1,1,0
GU734771.1,1,0
GU734772.1,1,0
FJ593289.1,1,0
X14112.1,1,0
EU382988.1,1,0
EU382990.1,1,0
EU382991.1,1,0
EU382992.1,1,0
EU382993.1,1,0
EU382994.1,1,0
EU382989.1,1,0
OR965901.1,1,0
OL989466.1,1,0
HE589464.1,0,0
HE584746.1,0,0
HE584754.1,0,0
EU655694.1,0,0
EU594347.1,0,1
EU502899.1,0,0
EU502907.1,0,0
EF362424.1,0,1
EF362432.1,0,1
EU365369.1,0,0
EU329175.1,0,1
EU329188.1,0,1
EF612748.1,0,1
EF205196.1,0,1
EF205197.1,0,1
EF205198.1,0,1
EF205199.1,0,1
EF205200.1,0,1
EF205201.1,0,1
EF205202.1,0,1
DQ914811.1,0,0
EF061124.1,0,0
DQ997177.1,0,1
DQ997251.1,0,1
DQ997168.1,0,1
DQ997216.1,0,1
DQ997281.1,0,1
DQ997403.1,0,1
DQ997415.1,0,1
DQ997518.1,0,1
DQ997161.1,0,1
DQ997288.1,0,1
DQ997545.1,0,1
DQ997120.1,0,0
DQ997180.1,0,1
DQ017492.1,0,0
DQ017500.1,0,0
DQ017507.1,0,0
DQ487328.1,0,0
DQ487333.1,0,0
AY950272.1,0,1
AY950274.1,0,1
AY950275.1,0,1
AY950276.1,0,1
AY950277.1,0,1
AY950278.1,0,1
AY856862.1,0,0
AY653199.1,0,1
AY609310.1,0,1
DQ997527.1,0,0
DQ997529.1,0,1
DQ997269.1,0,0
DQ997382.1,0,1
DQ997131.1,0,0
EU258941.1,0,0
EU258949.1,0,0
DQ485206.1,0,0
DQ485214.2,0,0
DQ485222.1,0,0
EU182263.1,0,0
EU182271.1,0,0
AB827989.1,0,0
AB822988.1,0,0
AB818495.1,0,0
AB818503.1,0,0
EU182307.1,0,0
EU182251.1,0,0
EU268217.1,0,1
EU268225.1,0,0
NC_078607.1,0,0
MN241407.1,0,0
MN885647.1,0,0
KM262772.1,0,0
HQ259671.1,0,0
AY168787.1,0,0
KM262773.1,0,0
MN885648.1,0,0
HQ259672.1,0,0
NC_006503.1,0,0
NC_078611.1,0,0
MN241408.1,0,0
NC_006505.1,0,0
EU182309.1,0,0
NC_052925.1,0,0
MN585121.1,0,0
OP414174.1,0,0
OP414175.1,0,0
OP414181.1,0,0
OP414188.1,0,0
OP414189.1,0,0
OP414190.1,0,0
OP414193.1,0,0
OP414198.1,0,0
OP414200.1,0,0
OP414201.1,0,0
OP414205.1,0,0
OP414206.1,0,0
OP414207.1,0,0
OP414208.1,0,0
OP414209.1,0,0
OP414212.1,0,0
OP414213.1,0,0
OP414222.1,0,0
OP414223.1,0,0
OP414224.1,0,0
OP414225.1,0,0
OP414232.1,0,0
OP414234.1,0,0
OP414236.1,0,0
OP414239.1,0,0
OP414245.1,0,0
OP414247.1,0,0
OP414248.1,0,0
OP414256.1,0,0
OP414257.1,0,0
OP414259.1,0,0
OP414261.1,0,0
OP414263.1,0,0
OP414264.1,0,0
OP414267.1,0,0
OP414270.1,0,0
OP414271.1,0,0
MZ310847.1,0,0
MZ310848.1,0,0
MZ310849.1,0,0
MZ310850.1,0,0
MZ310851.1,0,0
MZ310852.1,0,0
MZ310855.1,0,0
MZ310857.1,0,0
MZ310861.1,0,0
MZ310862.1,0,0
MZ310865.1,0,0
MZ310868.1,0,0
MZ310869.1,0,0
MZ310870.1,0,0
MZ310871.1,0,0
MZ310877.1,0,0
MZ310882.1,0,0
MZ310886.1,0,0
MZ310889.1,0,0
MZ310893.1,0,0
LC549663.1,0,0
LC549664.1,0,0
LC510377.1,0,0
LC510378.1,0,0
LC510379.1,0,0
LC510385.1,0,0
MT459820.1,0,0
MK347523.1,0,0
MG263871.1,0,0
MH197482.1,0,0
LC333380.1,0,0
KY886226.1,0,0
MF435916.1,0,0
MF435917.1,0,0
MF435918.1,0,0
MF384289.1,0,0
KX907623.1,0,0
MF045489.1,0,0
KY746722.1,0,0
AB626705.1,0,0
OP712018.1,1,1
OP712047.1,1,1
OP971002.1,1,1
OP971012.1,1,1
OP971036.1,1,1
OP971039.1,1,1
OP971041.1,1,1
MZ374362.1,1,1
MZ374363.1,1,1
MZ374364.1,1,1
MZ374365.1,1,1
MZ374366.1,1,1
MZ374367.1,1,1
MZ374368.1,1,1
MZ374369.1,1,1
MZ374371.1,1,1
MZ374372.1,1,1
MZ374373.1,1,1
MZ374374.1,1,1
MZ374375.1,1,1
MZ374376.1,1,1
MZ374377.1,1,1
MZ374378.1,1,1
MZ374379.1,1,1
MZ374380.1,1,1
MZ374381.1,1,1
MZ374382.1,1,1
MZ374383.1,1,1
MZ374384.1,1,1
MZ374385.1,1,1
MZ374386.1,1,1
MZ374387.1,1,1
MZ374388.1,1,1
MZ374390.1,1,1
MZ374391.1,1,1
MZ374392.1,1,1
MZ374395.1,1,1
MZ374396.1,1,1
MZ374397.1,1,1
MZ374398.1,1,1
MZ374399.1,1,1
MZ374400.1,1,1
MZ374401.1,1,1
MZ374402.1,1,1
MZ374403.1,1,1
MZ374404.1,1,1
MZ374405.1,1,1
MZ374406.1,1,1
MZ374407.1,1,1
MZ374409.1,1,1
MZ374410.1,1,1
MZ374411.1,1,1
MZ374412.1,1,1
MZ374413.1,1,1
MZ374414.1,1,1
MZ374415.1,1,1
MZ374416.1,1,1
MZ374417.1,1,1
MZ374418.1,1,1
MZ374419.1,1,1
MZ374420.1,1,1
MZ374421.1,1,1
MZ374422.1,1,1
MZ374423.1,1,1
MZ374424.1,1,1
MZ374425.1,1,1
MZ374426.1,1,1
MZ374427.1,1,1
MZ374429.1,1,1
MZ374430.1,1,1
MZ374431.1,1,1
MZ374432.1,1,1
MZ374433.1,1,1
MZ374434.1,1,1
MZ374435.1,1,1
MZ374437.1,1,1
MZ374438.1,1,1
MZ374439.1,1,1
MZ374440.1,1,1
MZ374441.1,1,1
MZ374442.1,1,1
MZ374443.1,1,1
MZ374444.1,1,1
MZ374445.1,1,1
MZ374446.1,1,1
MZ374447.1,1,1
MZ374448.1,1,1
MT783413.1,1,1
MT783414.1,1,1
LR861864.1,1,1
LR861901.1,1,1
LR861932.1,1,1
LR861947.1,1,1
LR862003.1,1,1
LR862062.1,1,1
LC373204.1,1,1
LC373205.1,1,1
LC373206.1,1,1
LC373207.1,1,1
LC270024.1,1,1
LC270025.1,1,1
LC270026.1,1,1
LC270027.1,1,1
LC270028.1,1,1
LC270029.1,1,1
LC270030.1,1,1
LC270031.1,1,1
LC270032.1,1,1
LC270033.1,1,1
LC270034.1,1,1
LC270035.1,1,1
LC270036.1,1,1
LC270037.1,1,1
LC270038.1,1,1
LC270039.1,1,1
LC270040.1,1,1
LC270041.1,1,1
LC270042.1,1,1
LC270043.1,1,1
LC270044.1,1,1
LC270045.1,1,1
LC270046.1,1,1
LC270047.1,1,1
LC270048.1,1,1
LC270049.1,1,1
LC270050.1,1,1
LC270051.1,1,1
LC270052.1,1,1
LC270053.1,1,1
LC270054.1,1,1
LC270055.1,1,1
LC270056.1,1,1
LC270057.1,1,1
LC270058.1,1,1
LC270059.1,1,1
LC270060.1,1,1
LC270061.1,1,1
LC270062.1,1,1
LC270063.1,1,1
LC270064.1,1,1
LC270065.1,1,1
LC270066.1,1,1
LC270067.1,1,1
LC270068.1,1,1
LC270069.1,1,1
LC270070.1,1,1
LC270071.1,1,1
LC270072.1,1,1
LC270073.1,1,1
LC270074.1,1,1
LC270075.1,1,1
KU298906.1,1,1
KU298909.1,1,1
KU298910.1,1,1
AB819272.1,1,1
AB819273.1,1,1
AB819274.1,1,1
HQ537731.1,1,1
HQ537732.1,1,1
HQ537733.1,1,1
HQ537734.1,1,1
HQ537735.1,1,1
HQ537736.1,1,1
HQ537737.1,1,1
HQ537738.1,1,1
HQ537739.1,1,1
HQ537740.1,1,1
HQ537741.1,1,1
HQ537742.1,1,1
HQ537743.1,1,1
HQ537744.1,1,1
HQ537745.1,1,1
HQ537746.1,1,1
HQ537747.1,1,1
HQ537748.1,1,1
HQ537749.1,1,1
HQ537750.1,1,1
HQ537751.1,1,1
GQ472848.1,1,1
OP711968.1,1,1
OP711975.1,1,1
OP712007.1,1,1
OP712028.1,1,1
OP712050.1,1,1
OP712076.1,1,1
OP712104.1,1,1
ON365483.1,1,1
ON365484.1,1,1
ON365486.1,1,1
ON365487.1,1,1
ON365488.1,1,1
ON365489.1,1,1
ON365490.1,1,1
ON365491.1,1,1
ON365492.1,1,1
ON365493.1,1,1
MT783417.1,1,1
LR861860.1,1,1
LR861866.1,1,1
LR861868.1,1,1
LR861875.1,1,1
LR861889.1,1,1
LR861909.1,1,1
LR861926.1,1,1
LR861933.1,1,1
LR861945.1,1,1
LR861963.1,1,1
LR861974.1,1,1
LR861976.1,1,1
LR861981.1,1,1
LR861997.1,1,1
LR862007.1,1,1
LR862025.1,1,1
LR862032.1,1,1
LR862080.1,1,1
KU298921.1,1,1
KU298922.1,1,1
KC470261.1,1,1
KC470262.1,1,1
KC470263.1,1,1
KC470264.1,1,1
KC470265.1,1,1
KC470266.1,1,1
EU918767.1,1,1
AF131950.1,1,1
KY225918.1,1,1
KY225919.1,1,1
KY225920.1,1,1
KY225921.1,1,1
LC270077.1,1,1
LC270078.1,1,1
LC270081.1,1,1
LC270084.1,1,1
LC270085.1,1,1
LC270088.1,1,1
LC270091.1,1,1
LC270094.1,1,1
LC270096.1,1,1
LC270098.1,1,1
LC270099.1,1,1
LC270101.1,1,1
LC270103.1,1,1
LC270106.1,1,1
LC270113.1,1,1
LC270115.1,1,1
LC270119.1,1,1
LC270121.1,1,1
KC860270.1,1,1
EU918765.1,1,1
FJ385261.1,1,1
FJ385262.1,1,1
FJ385263.1,1,1
FJ385264.1,1,1
FJ385265.1,1,1
FJ385266.1,1,1
FJ385267.1,1,1
FJ385268.1,1,1
D90400.1,1,1
OP712010.1,1,1
OP971050.1,1,1
OP971057.1,1,1
LR861880.1,1,1
LR861936.1,1,1
LR861949.1,1,1
LR861971.1,1,1
LR861989.1,1,1
LR862011.1,1,1
KU298935.1,1,1
KU298936.1,1,1
KU298937.1,1,1
KF436826.1,1,1
KF436827.1,1,1
KF436828.1,1,1
KF436829.1,1,1
KF436830.1,1,1
KF436831.1,1,1
KF436832.1,1,1
KF436833.1,1,1
KF436834.1,1,1
KF436835.1,1,1
KF436836.1,1,1
OP712054.1,1,1
OP712060.1,1,1
OP971000.1,1,1
OP971028.1,1,1
OP971071.1,1,1
OP971090.1,1,1
MT068446.1,1,1
LR861871.1,1,1
LR861883.1,1,1
LR862010.1,1,1
LR862050.1,1,1
LR862057.1,1,1
LR862067.1,1,1
KU298899.1,1,1
DQ344807.1,1,1
AF436130.1,1,1
U31788.1,1,1
U31791.1,1,1
NC_001595.1,1,1
OP970999.1,1,1
OP971061.1,1,1
OP971079.1,1,1
LR861837.1,1,1
LR861937.1,1,1
LR862047.1,1,1
MK463910.1,1,1
MK463911.1,1,1
MK463912.1,1,1
MK463913.1,1,1
MK463923.1,1,1
KU298895.1,1,1
HG764413.1,1,1
DQ875211.1,1,1
DQ875212.1,1,1
AB126981.1,1,1
AB126982.1,1,1
AB126983.1,1,1
AB126984.1,1,1
AB126985.1,1,1
AB126986.1,1,1
AB126987.1,1,1
AB126988.1,1,1
AB126989.1,1,1
AB126990.1,1,1
AB126991.1,1,1
AB126992.1,1,1
AB126993.1,1,1
AB126994.1,1,1
AB126995.1,1,1
AB126996.1,1,1
AB126997.1,1,1
AB126998.1,1,1
AB126999.1,1,1
AB127000.1,1,1
AB127001.1,1,1
AB127002.1,1,1
AB127003.1,1,1
AB127004.1,1,1
AB127005.1,1,1
AB127006.1,1,1
AB127007.1,1,1
AB127008.1,1,1
AB127009.1,1,1
AB127010.1,1,1
AB127011.1,1,1
AB127012.1,1,1
AB127013.1,1,1
AB127014.1,1,1
AB127015.1,1,1
AB127016.1,1,1
AB127017.1,1,1
AB127018.1,1,1
AB127019.1,1,1
AB127020.1,1,1
AB127021.1,1,1
AB127022.1,1,1
AB127023.1,1,1
AB127024.1,1,1
AB127025.1,1,1
AB127026.1,1,1
AB127027.1,1,1
AY382187.1,1,1
AY382188.1,1,1
AY378084.1,1,1
AY378085.1,1,1
AY378086.1,1,1
AY378087.1,1,1
AY382184.1,1,1
AY382185.1,1,1
AY382186.1,1,1
AY386373.1,1,1
AY386374.1,1,1
AY386375.1,1,1
AY386376.1,1,1
AY386377.1,1,1
AY386378.1,1,1
AY366359.1,1,1
AY373463.1,1,1
AY376828.1,1,1
AY376829.1,1,1
AY376830.1,1,1
AY376831.1,1,1
AY342299.1,1,1
AY349147.1,1,1
AY356539.1,1,1
AY536240.1,1,1
AY536241.1,1,1
AY536242.1,1,1
AY328376.1,1,1
AB048545.1,1,1
AB048546.1,1,1
AB048547.1,1,1
AB038252.1,1,1
AB038253.1,1,1
U73500.1,1,1
U73501.1,1,1
U73502.1,1,1
JF424911.1,1,1
JF424912.1,1,1
JF424913.1,1,1
JF424914.1,1,1
JF424915.1,1,1
JF424916.1,1,1
JF424917.1,1,1
JF424918.1,1,1
JF424919.1,1,1
JF424920.1,1,1
JF424921.1,1,1
JF424922.1,1,1
JF424923.1,1,1
JF424924.1,1,1
JF424925.1,1,1
JF424926.1,1,1
JF424927.1,1,1
JF424928.1,1,1
JF424929.1,1,1
JF424930.1,1,1
JF424931.1,1,1
JF424932.1,1,1
JF424933.1,1,1
JF424934.1,1,1
JF424935.1,1,1
JF424936.1,1,1
JF424937.1,1,1
JF424938.1,1,1
JF424939.1,1,1
JF424940.1,1,1
JF424941.1,1,1
JF424942.1,1,1
JF424943.1,1,1
JF424944.1,1,1
JF424945.1,1,1
JF424946.1,1,1
JF424947.1,1,1
JF424948.1,1,1
JF424949.1,1,1
JF424950.1,1,1
JF424951.1,1,1
JF424952.1,1,1
JF424953.1,1,1
JF424954.1,1,1
JF424955.1,1,1
NC_009238.1,1,1
EU358766.1,1,1
EU358767.1,1,1
EF520287.1,1,1
EF520288.1,1,1
EF520289.1,1,1
EF127906.1,1,1
EF127907.1,1,1
EF127908.1,1,1
MF094821.1,0,1
OQ230837.1,1,1
OQ230857.1,1,1
OQ230858.1,1,1
OQ230860.1,1,1
OQ230864.1,1,1
OM938824.1,1,1
OM938825.1,1,1
OM938826.1,1,1
OM938868.1,1,1
OM938878.1,1,1
OM938879.1,1,1
OM938888.1,1,1
OM938889.1,1,1
OM938897.1,1,1
OM938898.1,1,1
OM938906.1,1,1
OM938907.1,1,1
OM938908.1,1,1
OM938916.1,1,1
OM938917.1,1,1
OM938920.1,1,1
OM938933.1,1,1
OM938934.1,1,1
OM938940.1,1,1
OM938941.1,1,1
OM938942.1,1,1
MW678843.1,1,1
MW587970.1,1,1
MW587971.1,1,1
MW587973.1,1,1
MW587982.1,1,1
MW587988.1,1,1
MW587992.1,1,1
MW588006.1,1,1
LT934539.1,1,1
LT960370.1,1,1
KY114802.1,1,1
KY132094.1,1,1
JN192431.1,1,1
JN192432.1,1,1
JN192433.1,1,1
JN192435.1,1,1
JN192437.1,1,1
JN192439.1,1,1
JN192441.1,1,1
NC_014406.1,1,0
KX771234.1,1,0
KX379630.1,1,0
KX379631.1,1,0
KR090570.1,1,0
KU596573.1,1,0
KM655817.1,1,0
KM387421.1,1,0
HM011558.1,1,0
HM011559.1,1,0
HM011560.1,1,0
HM011561.1,1,0
HM011562.1,1,0
HM011563.1,1,0
NC_020890.1,1,0
JX308829.1,1,0
NC_001266.1,0,0
PP105561.1,0,0
OR290820.1,0,0
OQ970173.1,0,0
MK836424.1,0,0
MK388093.1,0,0
MK388094.1,0,0
MK388095.1,0,0
MK388096.1,0,0
MK388097.1,0,0
MK388098.1,0,0
MK388099.1,0,0
MK388100.1,0,0
MK388101.1,0,0
MK388102.1,0,0
MK388103.1,0,0
MK388104.1,0,0
MK388105.1,0,0
MK388106.1,0,0
MK388107.1,0,0
MK388108.1,0,0
MK388109.1,0,0
MK388110.1,0,0
MK388111.1,0,0
MK388112.1,0,0
MK388113.1,0,0
MK388114.1,0,0
MK388115.1,0,0
MK388116.1,0,0
MK388117.1,0,0
MK388118.1,0,0
MK388119.1,0,0
MK388120.1,0,0
MK388121.1,0,0
MK388122.1,0,0
MK388123.1,0,0
MK388124.1,0,0
MK388125.1,0,0
MK388126.1,0,0
MK388127.1,0,0
MK388128.1,0,0
MK388129.1,0,0
MK388130.1,0,0
MK388131.1,0,0
MK388132.1,0,0
MK388133.1,0,0
MK388134.1,0,0
MK388135.1,0,0
MK388136.1,0,0
MK388137.1,0,0
MK388138.1,0,0
MK388139.1,0,0
MK388140.1,0,0
MK388141.1,0,0
MK388142.1,0,0
MK388143.1,0,0
MK388144.1,0,0
KY548791.1,0,0
KY548792.1,0,0
KY548811.1,0,0
KY548812.1,0,0
KY548813.1,0,0
KP723386.1,0,0
KP723387.1,0,0
KP723388.1,0,0
KP723389.1,0,0
KP723390.1,0,0
KP723391.1,0,0
KC660079.1,0,0
KC660080.1,0,0
KC660081.1,0,0
KC660082.1,0,0
KC660083.1,0,0
KC660084.1,0,0
KC660085.1,0,0
JX565562.1,0,0
JX565563.1,0,0
JX565564.1,0,0
JX565565.1,0,0
JX565566.1,0,0
JX565567.1,0,0
JX565568.1,0,0
JX565569.1,0,0
JX565570.1,0,0
JX565571.1,0,0
JX565572.1,0,0
JX565573.1,0,0
JX565574.1,0,0
JX565575.1,0,0
JX565576.1,0,0
JX565577.1,0,0
JX565578.1,0,0
JX565579.1,0,0
JX565580.1,0,0
JX565581.1,0,0
JX565582.1,0,0
JX565583.1,0,0
JX565584.1,0,0
GQ409969.1,0,0
EU552530.1,0,0
AF170722.1,0,0
PP496048.1,1,1
OR972728.1,1,1
OQ721952.1,1,1
OQ721953.1,1,1
OQ721954.1,1,1
LC760460.1,1,1
LC760461.1,1,1
OQ581853.1,1,1
OQ581854.1,1,1
OQ581855.1,1,1
LC756922.1,1,1
LC756923.1,1,1
LC756924.1,1,1
LC756925.1,1,1
OQ451898.1,1,1
OQ451900.1,1,1
OQ451901.1,1,1
OQ451903.1,1,1
OQ451904.1,1,1
LC753968.1,1,1
LC753969.1,1,1
LC753970.1,1,1
OP837340.1,1,1
OP837343.1,1,1
OP837344.1,1,1
OP837354.1,1,1
OP696841.1,1,1
OP597769.1,1,1
OP594196.1,1,1
OP594197.1,1,1
OP523981.1,1,1
OP523984.1,1,1
OP523986.1,1,1
OP523987.1,1,1
OP523990.1,1,1
OP523992.1,1,1
OP523994.1,1,1
OP524003.1,1,1
OP524004.1,1,1
OP524008.1,1,1
OP524010.1,1,1
OP524011.1,1,1
OP524012.1,1,1
OP526858.1,1,0
OP484663.1,1,1
OP484668.1,1,1
OP484671.1,1,1
OP484672.1,1,1
OP484673.1,1,1
OP484674.1,1,1
OP484675.1,1,1
OP484678.1,1,1
OP484681.1,1,1
OP484682.1,1,1
OP484683.1,1,1
OP373386.1,1,1
OP373390.1,1,1
OP373391.1,1,1
OP339846.1,1,1
OP339847.1,1,1
OP339851.1,1,1
OP339852.1,1,1
OP263628.1,1,1
OP263631.1,1,1
OP263635.1,1,1
OP263636.1,1,1
OP215224.1,1,1
OP215227.1,1,1
OP215229.1,1,1
OP215230.1,1,1
OP215232.1,1,1
OP215233.1,1,1
OP215234.1,1,1
OP215235.1,1,1
OP215236.1,1,1
OP215237.1,1,1
OP215239.1,1,1
OP215241.1,1,1
OP215242.1,1,1
OP215246.1,1,1
OP215248.1,1,1
OP215250.1,1,1
OP215252.1,1,1
OP215258.1,1,1
OP215260.1,1,1
OP215263.1,1,1
OP215264.1,1,1
OP215267.1,1,1
OP215269.1,1,1
OP215270.1,1,1
OP215271.1,1,1
OP215272.1,1,1
OP215273.1,1,1
OP215274.1,1,1
OP215275.1,1,1
OP215278.1,1,1
OP215281.1,1,1
OP215283.1,1,1
OP215284.1,1,1
OP215286.1,1,1
OP215208.1,1,1
OP215209.1,1,1
OP215213.1,1,1
LC722946.1,1,1
OP160532.1,1,1
OP018588.1,1,1
OP018591.1,1,1
OP018593.1,1,1
OP018594.1,1,1
OP018596.1,1,1
OP018597.1,1,1
OP018601.1,1,1
OP018602.1,1,1
ON959151.1,1,1
ON959152.1,1,1
ON959153.1,1,1
ON959155.1,1,1
ON959156.1,1,1
ON959159.1,1,1
ON959160.1,1,1
ON959161.1,1,1
ON959162.1,1,1
ON959163.1,1,1
ON959164.1,1,1
ON959165.1,1,1
ON959167.1,1,1
ON959168.1,1,1
ON959169.1,1,1
ON959170.1,1,1
ON959171.1,1,1
ON959173.1,1,1
ON959174.1,1,1
ON959175.1,1,1
ON959176.1,1,1
ON959177.1,1,1
ON929057.1,1,1
ON929058.1,1,1
ON929059.1,1,1
ON929064.1,1,1
ON929066.1,1,1
ON929067.1,1,1
ON929068.1,1,1
ON929070.1,1,1
ON929072.1,1,1
ON929074.1,1,1
ON929076.1,1,1
ON929079.1,1,1
ON929080.1,1,1
ON929083.1,1,1
ON929085.1,1,1
ON929086.1,1,1
ON929088.1,1,1
ON929089.1,1,1
ON929091.1,1,1
ON808413.1,1,1
ON808414.1,1,1
ON808417.1,1,1
ON649879.1,1,1
ON622722.2,1,1
ON602722.2,1,1
ON568298.1,1,1
AB583680.1,1,1
AB583681.1,1,1
AY661792.1,1,1
AY661793.1,1,1
FJ349205.1,1,1
FJ349206.1,1,1
FJ349208.1,1,1
FJ349210.1,1,1
FJ349215.1,1,1
FJ349216.1,1,1
FJ349217.1,1,1
FJ349218.1,1,1
FJ349219.1,1,1
FJ349220.1,1,1
FJ349228.1,1,1
FJ349229.1,1,1
FJ349230.1,1,1
FJ349233.1,1,1
FJ349234.1,1,1
FJ349235.1,1,1
FJ899792.1,1,1
FJ904412.1,1,1
FJ904415.1,1,1
FJ904418.1,1,1
FJ904443.1,1,1
FJ904446.1,1,1
GQ167301.1,1,1
GQ167302.1,1,1
GQ183470.1,1,1
GQ183471.1,1,1
GQ183472.1,1,1
GQ183473.1,1,1
GQ183474.1,1,1
GQ183475.1,1,1
GQ183476.1,1,1
GQ183477.1,1,1
GQ183479.1,1,1
GQ183480.1,1,1
GQ183481.1,1,1
GQ183482.1,1,1
GQ183483.1,1,1
GQ183484.1,1,1
GQ184322.1,1,1
GQ358159.1,1,1
GQ377589.1,1,1
GQ477452.1,1,1
GQ477454.1,1,1
GQ477455.1,1,1
GQ477456.1,1,1
GQ477457.1,1,1
GQ477458.1,1,1
GQ477459.1,1,1
GQ924652.1,1,1
GU357846.1,1,1
GU456635.1,1,1
GU456636.1,1,1
GU456637.1,1,1
GU456638.1,1,1
GU456639.1,1,1
GU456640.1,1,1
GU456641.1,1,1
GU456642.1,1,1
GU456643.1,1,1
GU456644.1,1,1
GU456645.1,1,1
GU456646.1,1,1
GU456647.1,1,1
GU456649.1,1,1
GU456650.1,1,1
GU456651.1,1,1
GU456652.1,1,1
GU456653.1,1,1
GU456654.1,1,1
GU456655.1,1,1
GU456656.1,1,1
GU456657.1,1,1
GU456658.1,1,1
GU456659.1,1,1
GU456660.1,1,1
GU456661.1,1,1
GU456662.1,1,1
GU456663.1,1,1
GU456664.1,1,1
GU456665.1,1,1
GU456666.1,1,1
GU456667.1,1,1
GU456668.1,1,1
GU456669.1,1,1
GU456670.1,1,1
GU456671.1,1,1
GU456672.1,1,1
GU456673.1,1,1
GU456674.1,1,1
GU456675.1,1,1
GU456679.1,1,1
GU456680.1,1,1
GU456681.1,1,1
GU456682.1,1,1
GU456683.1,1,1
GU456684.1,1,1
GU563549.1,1,1
HM750152.1,1,1
HM750153.1,1,1
HM750154.1,1,1
HM750155.1,1,1
HM750156.1,1,1
HQ700441.1,1,1
HQ700442.1,1,1
HQ700443.1,1,1
HQ700444.1,1,1
HQ700445.1,1,1
HQ700447.1,1,1
HQ700450.1,1,1
HQ700459.1,1,1
HQ700464.1,1,1
HQ700466.1,1,1
HQ700469.1,1,1
HQ700470.1,1,1
HQ700471.1,1,1
HQ700472.1,1,1
HQ700474.1,1,1
HQ700478.1,1,1
HQ700479.1,1,1
HQ700482.1,1,1
HQ700484.1,1,1
HQ700488.1,1,1
HQ700491.1,1,1
HQ700511.1,1,1
HQ700513.1,1,1
HQ700514.1,1,1
JF754589.1,1,1
JF754590.1,1,1
JF754591.1,1,1
JF754592.1,1,1
JF754593.1,1,1
JF754594.1,1,1
JF754596.1,1,1
JF754597.1,1,1
JF754599.1,1,1
JF754601.1,1,1
JF754602.1,1,1
JF754604.1,1,1
JF754607.1,1,1
JF754608.1,1,1
JF754609.1,1,1
JF754610.1,1,1
JF754612.1,1,1
JF754615.1,1,1
JF754617.1,1,1
JF754623.1,1,1
JF754624.1,1,1
JF754626.1,1,1
JF754627.1,1,1
JF754628.1,1,1
JF754629.1,1,1
JF754630.1,1,1
JF754631.1,1,1
JF754632.1,1,1
JF754633.1,1,1
JF754635.1,1,1
JN040750.1,1,1
JN040751.1,1,1
JN040752.1,1,1
JN040753.1,1,1
JN040754.1,1,1
JN040755.1,1,1
JN040756.1,1,1
JN040757.1,1,1
JN040758.1,1,1
JN040759.1,1,1
JN040760.1,1,1
JN040761.1,1,1
JN040762.1,1,1
JN040763.1,1,1
JN040764.1,1,1
JN040765.1,1,1
JN040766.1,1,1
JN040767.1,1,1
JN040768.1,1,1
JN040769.1,1,1
JN040770.1,1,1
JN040771.1,1,1
JN040772.1,1,1
JN040773.1,1,1
JN040774.1,1,1
JN040775.1,1,1
JN040776.1,1,1
JN040777.1,1,1
JN040778.1,1,1
JN040779.1,1,1
JN040780.1,1,1
JN040781.1,1,1
JN040782.1,1,1
JN040783.1,1,1
JN040784.1,1,1
JN040785.1,1,1
JN040786.1,1,1
JN040787.1,1,1
JN040788.1,1,1
JN040789.1,1,1
JN040790.1,1,1
JN040791.1,1,1
JN040792.1,1,1
JN040793.1,1,1
JN040794.1,1,1
JN040795.1,1,1
JN040796.1,1,1
JN040797.1,1,1
JN040798.1,1,1
JN040799.1,1,1
JN040800.1,1,1
JN040801.1,1,1
JN040802.1,1,1
JN040803.1,1,1
JN040804.1,1,1
JN040805.1,1,1
JN040806.1,1,1
JN040807.1,1,1
JN040808.1,1,1
JN040809.1,1,1
JN040810.1,1,1
JN040811.1,1,1
JN040812.1,1,1
JN040813.1,1,1
JN040814.1,1,1
JN040815.1,1,1
JN040816.1,1,1
JN040817.1,1,1
JN040818.1,1,1
JN040819.1,1,1
JN040820.1,1,1
JN040821.1,1,1
JN040822.1,1,1
JN040823.1,1,1
JN040824.1,1,1
JN040825.1,1,1
JN040826.1,1,1
JN040827.1,1,1
JN040828.1,1,1
JN040829.1,1,1
JN040830.1,1,1
JN257148.1,1,1
JN257151.1,1,1
JN257154.1,1,1
JN257155.1,1,1
JN257156.1,1,1
JN257157.1,1,1
JN257158.1,1,1
JN257169.1,1,1
JN257170.1,1,1
JN257171.1,1,1
JN257182.1,1,1
JN257184.1,1,1
JN257185.1,1,1
JN257198.1,1,1
JN257199.1,1,1
JN257204.1,1,1
JN257205.1,1,1
JN664918.1,1,1
JN664927.1,1,1
JN664928.1,1,1
JN664930.1,1,1
JN664931.1,1,1
JN664939.1,1,1
JN664941.1,1,1
JN664944.1,1,1
JN664946.1,1,1
JQ687530.1,1,1
JQ687531.1,1,1
JQ687532.1,1,1
JX096954.1,1,1
JX096955.1,1,1
JX096956.1,1,1
JX096957.1,1,1
JX096958.1,1,1
KC774440.1,1,1
KC774444.1,1,1
KC774445.1,1,1
KC774459.1,1,1
KC774462.1,1,1
KC774477.1,1,1
KC875275.1,1,1
KC875276.1,1,1
KC875277.1,1,1
KC875278.1,1,1
KC875279.1,1,1
KC875280.1,1,1
KC875281.1,1,1
KC875282.1,1,1
KC875283.1,1,1
KC875284.1,1,1
KC875285.1,1,1
KC875286.1,1,1
KC875287.1,1,1
KC875288.1,1,1
KC875289.1,1,1
KC875290.1,1,1
KC875291.1,1,1
KC875292.1,1,1
KC875293.1,1,1
KC875294.1,1,1
KC875295.1,1,1
KC875296.1,1,1
KC875297.1,1,1
KC875298.1,1,1
KC875299.1,1,1
KC875300.1,1,1
KC875301.1,1,1
KC875302.1,1,1
KC875303.1,1,1
KC875304.1,1,1
KC875305.1,1,1
KC875306.1,1,1
KC875307.1,1,1
KC875308.1,1,1
KC875309.1,1,1
KC875310.1,1,1
KC875311.1,1,1
KC875312.1,1,1
KF471640.1,1,1
KF471641.1,1,1
KF471642.1,1,1
KF471643.1,1,1
KF471644.1,1,1
KF471645.1,1,1
KF471646.1,1,1
KF471647.1,1,1
KF471648.1,1,1
KF471649.1,1,1
KF471650.1,1,1
KF471651.1,1,1
KF471652.1,1,1
KF471653.1,1,1
KF471654.1,1,1
KF471656.1,1,1
KF471657.1,1,1
KF471658.1,1,1
KF471659.1,1,1
KF471660.1,1,1
KF679994.1,1,1
KF679995.1,1,1
KF679996.1,1,1
KF679997.1,1,1
KF679998.1,1,1
KJ803771.1,1,1
KM524338.1,1,1
KM524339.1,1,1
KM524341.1,1,1
KM524342.1,1,1
KM524343.1,1,1
KM524344.1,1,1
KM524346.1,1,1
KM524347.1,1,1
KM524348.1,1,1
KM524351.1,1,1
KM524352.1,1,1
KM524353.1,1,1
KM524354.1,1,1
KM524355.1,1,1
KM524357.1,1,1
KM524358.1,1,1
KM524360.1,1,1
KM577668.1,1,1
KM577669.1,1,1
KM577670.1,1,1
KM577671.1,1,1
KM606747.1,1,1
KM606753.1,1,1
KP322599.1,1,1
KP322600.1,1,1
KP322601.1,1,1
KP995100.1,1,1
KR905422.1,1,1
KR905423.1,1,1
KR905424.1,1,1
KT366465.1,1,1
KT366491.1,1,1
KT366493.1,1,1
KT366494.1,1,1
KT366495.1,1,1
KT366496.1,1,1
KT366498.1,1,1
KT366499.1,1,1
KT366500.1,1,1
KT366501.1,1,1
KT366502.1,1,1
KT366503.1,1,1
KT366506.1,1,1
KT366508.1,1,1
KT366509.1,1,1
KT366510.1,1,1
KT366511.1,1,1
KT749821.1,1,1
KT749823.1,1,1
KT749827.1,1,1
KT749828.1,1,1
KT963508.1,1,1
KU668449.1,1,1
KU736925.1,1,1
KX196208.1,1,1
KX196209.1,1,1
KX196210.1,1,1
KX196211.1,1,1
KX196212.1,1,1
KX196213.1,1,1
KX196214.1,1,1
KX196215.1,1,1
KX196226.1,1,1
KX196227.1,1,1
KX196228.1,1,1
KX196236.1,1,1
KX260231.1,1,1
KX357637.1,1,1
KX357638.1,1,1
KX357639.1,1,1
KX827290.1,1,1
KX827291.1,1,1
KX827300.1,1,1
KX827301.1,1,1
KY629634.1,1,1
LC488706.1,1,1
LC519789.1,1,1
LC519793.1,1,1
LC519809.1,1,1
LC519810.1,1,1
LC519814.1,1,1
LC519816.1,1,1
MF618348.1,1,1
MF618349.1,1,1
MF618350.1,1,1
MF925358.1,1,1
MF925360.1,1,1
MF925363.1,1,1
MF925364.1,1,1
MF925371.1,1,1
MF925379.1,1,1
MF925383.1,1,1
MF925384.1,1,1
MF925390.1,1,1
MF925391.1,1,1
MF925392.1,1,1
MF925393.1,1,1
MF925396.1,1,1
MF925397.1,1,1
MF925401.1,1,1
MF925402.1,1,1
MH220970.1,1,1
MH724217.1,1,1
MH724223.1,1,1
MH724231.1,1,1
MH724236.1,1,1
MH724241.1,1,1
MH724246.1,1,1
MH932714.1,1,1
MK355500.1,1,1
MK355501.1,1,1
MK507910.1,1,1
MK507911.1,1,1
MK507914.1,1,1
MK516278.1,1,1
MK598636.1,1,1
MK598637.1,1,1
MK598638.1,1,1
MK598639.1,1,1
MK598640.1,1,1
MK598641.1,1,1
MK598642.1,1,1
MK598643.1,1,1
MK598644.1,1,1
MK598646.1,1,1
MK598647.1,1,1
MK598648.1,1,1
MK598649.1,1,1
MK598650.1,1,1
MK598662.1,1,1
MK598663.1,1,1
MK598664.1,1,1
MK598665.1,1,1
MK598666.1,1,1
MK598667.1,1,1
MK598668.1,1,1
MK598669.1,1,1
MK598670.1,1,1
MK598671.1,1,1
MK598672.1,1,1
MK598673.1,1,1
MK598674.1,1,1
MK598675.1,1,1
MK598676.1,1,1
MK598677.1,1,1
MK598678.1,1,1
MK598679.1,1,1
MK618418.1,1,1
MK618419.1,1,1
MK618420.1,1,1
MK618421.1,1,1
MK618422.1,1,1
MK618423.1,1,1
MK618424.1,1,1
MK618425.1,1,1
MK618426.1,1,1
MK618427.1,1,1
MK618428.1,1,1
MK618429.1,1,1
MK618430.1,1,1
MK618431.1,1,1
MK618432.1,1,1
MK618433.1,1,1
MK618434.1,1,1
MK618435.1,1,1
MK618436.1,1,1
MK618437.1,1,1
MK693107.1,1,1
MK693108.1,1,1
MK693109.1,1,1
MK956106.1,1,1
MK956107.1,1,1
MK956108.1,1,1
MK956109.1,1,1
MN310706.1,1,1
MN310707.1,1,1
MN507835.1,1,1
MN507836.1,1,1
MN507837.1,1,1
MN507838.1,1,1
MN507839.1,1,1
MN507851.1,1,1
MN507853.1,1,1
MN585095.1,1,1
MN780900.1,1,1
MN780901.1,1,1
MN780902.1,1,1
MN780903.1,1,1
MN780904.1,1,1
MN780905.1,1,1
MN780906.1,1,1
MN780907.1,1,1
MN839643.1,1,1
MN844881.1,1,1
MN844882.1,1,1
MT114169.1,1,1
MT114172.1,1,1
MT114173.1,1,1
MT437385.1,1,1
MT437386.1,1,1
MT437387.1,1,1
MT437388.1,1,1
MT437389.1,1,1
MT437390.1,1,1
MT579898.1,1,1
MT579899.1,1,1
MT579900.1,1,1
MT579901.1,1,1
MT579902.1,1,1
MT579903.1,1,1
MT591276.1,1,1
MT591277.1,1,1
MT591278.1,1,1
MT591279.1,1,1
MW455166.1,1,1
MW507462.1,1,1
MW601228.1,1,1
MW601229.1,1,1
MW601230.1,1,1
MW601231.1,1,1
MW601237.1,1,1
MW601243.1,1,1
MW601244.1,1,1
MW601245.1,1,1
MW601246.1,1,1
MW601247.1,1,1
MW601248.1,1,1
MW601249.1,1,1
MW601250.1,1,1
MW601251.1,1,1
MW601252.1,1,1
MW601253.1,1,1
MW601256.1,1,1
MW601261.1,1,1
MW601262.1,1,1
MW601263.1,1,1
MW601265.1,1,1
MW601266.1,1,1
MW601269.1,1,1
MW601271.1,1,1
MW601273.1,1,1
MW601274.1,1,1
MW601279.1,1,1
MW601280.1,1,1
MW601281.1,1,1
MW601282.1,1,1
MW601283.1,1,1
MW601285.1,1,1
MW601291.1,1,1
MW601292.1,1,1
MW601293.1,1,1
MW601294.1,1,1
MW601297.1,1,1
MW601298.1,1,1
MW601300.1,1,1
MW601301.1,1,1
MW601302.1,1,1
MW601303.1,1,1
MW601307.1,1,1
MW601309.1,1,1
MW601312.1,1,1
MW601313.1,1,1
MW601315.1,1,1
MW601318.1,1,1
MW601319.1,1,1
MW601320.1,1,1
MW601321.1,1,1
MW601325.1,1,1
MW601326.1,1,1
MW601329.1,1,1
MW601330.1,1,1
MW601332.1,1,1
MW601333.1,1,1
MW601335.1,1,1
MW601336.1,1,1
MW601337.1,1,1
MW601339.1,1,1
MZ097624.1,1,1
MZ097628.1,1,1
MZ097635.1,1,1
MZ097638.1,1,1
MZ097640.1,1,1
MZ097642.1,1,1
MZ097648.1,1,1
MZ097650.1,1,1
MZ097657.1,1,1
MZ097659.1,1,1
MZ097666.1,1,1
MZ097673.1,1,1
MZ097677.1,1,1
MZ097679.1,1,1
MZ097680.1,1,1
MZ097688.1,1,1
MZ097691.1,1,1
MZ097693.1,1,1
MZ097706.1,1,1
MZ097709.1,1,1
MZ097710.1,1,1
MZ097712.1,1,1
MZ097714.1,1,1
MZ097722.1,1,1
MZ097727.1,1,1
MZ097736.1,1,1
MZ097743.1,1,1
MZ097747.1,1,1
MZ097762.1,1,1
MZ097774.1,1,1
MZ097785.1,1,1
MZ097786.1,1,1
MZ097788.1,1,1
MZ097813.1,1,1
MZ097816.1,1,1
MZ097818.1,1,1
MZ097821.1,1,1
MZ097822.1,1,1
MZ097827.1,1,1
MZ097829.1,1,1
MZ097833.1,1,1
MZ097834.1,1,1
MZ097835.1,1,1
MZ097837.1,1,1
MZ097839.1,1,1
MZ097840.1,1,1
MZ097841.1,1,1
MZ097845.1,1,1
MZ097847.1,1,1
MZ097848.1,1,1
MZ097850.1,1,1
MZ097851.1,1,1
MZ097852.1,1,1
MZ097853.1,1,1
MZ097868.1,1,1
MZ097873.1,1,1
MZ097874.1,1,1
MZ097876.1,1,1
MZ097883.1,1,1
OK143470.1,1,1
OK143472.1,1,1
OK143474.1,1,1
OK143475.1,1,1
OK143487.1,1,1
OK143489.1,1,1
OK143490.1,1,1
OK143493.1,1,1
OK143496.1,1,1
OK998520.1,1,1
OK998521.1,1,1
OK998522.1,1,1
OK998523.1,1,1
OK998524.1,1,1
OM304306.1,1,1
OM304311.1,1,1
OM304320.1,1,1
OM721310.1,1,1
OM721311.1,1,1
OM721312.1,1,1
OM721313.1,1,1
OM721314.1,1,1
OM721315.1,1,1
OM721316.1,1,1
OP153940.1,1,1
OP153941.1,1,1
OP153944.1,1,1
OP153945.1,1,1
OP153946.1,1,1
OP153949.1,1,1
OP153958.1,1,1
OP153967.1,1,1
OP153968.1,1,1
OP153983.1,1,1
OP153992.1,1,1
OP153993.1,1,1
OP153998.1,1,1
OP154001.1,1,1
OP154002.1,1,1
OP154003.1,1,1
OP154004.1,1,1
OP154005.1,1,1
OP154006.1,1,1
OP255999.1,1,1
OP256000.1,1,1
OP256007.1,1,1
OP256008.1,1,1
OP256009.1,1,1
OP256013.1,1,1
OP256018.1,1,1
OP256019.1,1,1
OR126893.1,1,1
OR487153.1,1,1
OR580950.1,1,1
OR769213.1,1,1
OR769214.1,1,1
OR905602.1,1,1
OR947658.1,1,1
PP393566.1,1,1
PP393567.1,1,1
PP393568.1,1,1
PP393569.1,1,1
PP393571.1,1,1
PP393572.1,1,1
PP393573.1,1,1
PP393576.1,1,1
PP393580.1,1,1
PP393581.1,1,1
PP393583.1,1,1
PP393584.1,1,1
PP393590.1,1,1
PQ256985.1,1,1
PQ256989.1,1,1
PQ256993.1,1,1
PQ256994.1,1,1
PQ256995.1,1,1
PQ256996.1,1,1
PQ257000.1,1,1
PQ257001.1,1,1
PQ257002.1,1,1
Y07587.1,1,1
AB078031.2,1,1
AB078032.1,1,1
AB078033.2,1,1
AB090268.1,1,1
AB090269.1,1,1
AB090270.1,1,1
AB109475.1,1,1
AB109476.1,1,1
AB109477.1,1,1
AB109478.1,1,1
AB109479.1,1,1
AB110075.1,1,1
AB116266.1,1,1
AB119251.1,1,1
AB119252.1,1,1
AB119253.1,1,1
AB119254.1,1,1
AB119255.1,1,1
AB119256.1,1,1
AB120308.1,1,1
AB126581.1,1,1
AB188242.1,1,1
AB205126.1,1,1
AB205127.1,1,1
AB205128.1,1,1
AB210818.1,1,1
AB210820.1,1,1
AB210821.1,1,1
AB210822.1,1,1
AB222711.1,1,1
AB222713.1,1,1
AB267090.1,1,1
AB270549.1,1,1
AB471856.1,1,1
AB471857.1,1,1
AB555496.1,1,1
AB555497.1,1,1
AB555501.1,1,1
AB674411.1,1,1
AB674412.1,1,1
AB674413.1,1,1
AB674418.1,1,1
AB674419.1,1,1
AB674421.1,1,1
AB674423.1,1,1
AB674424.1,1,1
AB674430.1,1,1
AB674432.1,1,1
AB674433.1,1,1
AB674435.1,1,1
AB674436.1,1,1
AF043593.1,1,1
AF043594.1,1,1
AF046996.1,0,0
AF121239.1,1,1
AF121240.1,1,1
AF121241.1,1,1
AF121242.1,1,1
AF151735.1,1,1
AJ344116.1,1,1
AY090452.1,1,1
AY090453.1,1,1
AY236162.1,1,1
AY236163.1,1,1
AY341335.1,1,1
AY721605.1,1,1
AY721606.1,1,1
AY721607.1,1,1
AY721608.1,1,1
AY721609.1,1,1
AY721610.1,1,1
AY721611.1,1,1
AY721612.1,1,1
AY741794.1,1,1
AY741795.1,1,1
AY741796.1,1,1
AY741797.1,1,1
AY741798.1,1,1
AY796030.1,1,1
AY796031.1,1,1
AY796032.1,1,1
AY945307.1,1,1
DQ315778.1,1,1
DQ399006.1,1,1
DQ486023.1,1,1
EF103275.1,1,1
EF103276.1,1,1
EF103277.1,1,1
EF103279.1,1,1
EF103280.1,1,1
EF103281.1,1,1
EF103282.1,1,1
EF103283.1,1,1
EU594397.1,1,1
EU594398.1,1,1
EU594399.1,1,1
EU594400.1,1,1
EU594401.1,1,1
EU594402.1,1,1
EU594403.1,1,1
EU594405.1,1,1
EU594406.1,1,1
EU594407.1,1,1
EU594408.1,1,1
EU594409.1,1,1
EU594410.1,1,1
EU594415.1,1,1
EU594416.1,1,1
EU594421.1,1,1
EU594422.1,1,1
EU594423.1,1,1
EU594424.1,1,1
EU594426.1,1,1
EU594427.1,1,1
EU594428.1,1,1
EU594430.1,1,1
EU594431.1,1,1
EU594432.1,1,1
EU594433.1,1,1
EU787436.1,1,1
EU787437.1,1,1
EU787438.1,1,1
EU787439.1,1,1
EU787440.1,1,1
EU787441.1,1,1
EU787442.1,1,1
EU787443.1,1,1
EU787445.1,1,1
EU787446.1,1,1
EU787447.1,1,1
EU919197.1,1,1
EU939681.1,1,1
HQ700451.1,1,1
HQ833465.1,1,1
M32138.1,1,1
NC_001896.1,0,0
X80924.1,1,1
X80925.1,1,1
X80926.1,1,1
X97848.1,1,1
X97849.1,1,1
KR229754.1,0,0
MW161131.1,0,0
MW161132.1,0,0
MW161133.1,0,0
MW161134.1,0,0
MW161135.1,0,0
MW161136.1,0,0
MW161137.1,0,0
MW161138.1,0,0
MW161139.1,0,0
MW161140.1,0,0
MW161141.1,0,0
MW161143.1,0,0
MW161144.1,0,0
MW161145.1,0,0
MW161146.1,0,0
MW161147.1,0,0
MW161148.1,0,0
MW161149.1,0,0
MW161151.1,0,0
MW161152.1,0,0
MW161153.1,0,0
MW161154.1,0,0
MW161155.1,0,0
MW161156.1,0,0
NC_027922.1,0,0
AY902768.1,1,1
AY902769.1,1,1
AY902770.1,1,1
AY902772.1,1,1
AY902773.1,1,1
AY902774.1,1,1
AY902776.1,1,1
AY902777.1,1,1
JQ023666.1,1,1
AY206374.1,1,1
AY206376.1,1,1
AY206379.1,1,1
EU939624.1,1,1
EU939625.1,1,1
JQ685901.1,0,0
JQ685938.1,0,0
JQ685968.1,0,0
KY026416.1,0,0
KY026417.1,0,0
KY026418.1,0,0
KY026419.1,0,0
KY026420.1,0,0
KY026421.1,0,0
KY026422.1,0,0
KY026423.1,0,0
KY026425.1,0,0
KY026426.1,0,0
KY026427.1,0,0
KY026428.1,0,0
KY026430.1,0,0
KY026431.1,0,0
KY026432.1,0,0
KY026433.1,0,0
KY026434.1,0,0
KY026435.1,0,0
KY026436.1,0,0
KY026437.1,0,0
KY026438.1,0,0
KY026439.1,0,0
KY026440.1,0,0
KY026442.1,0,0
KY026443.1,0,0
KY026444.1,0,0
KY026446.1,0,0
KY026447.1,0,0
KY026448.1,0,0
KY026449.1,0,0
KY026450.1,0,0
KY026452.1,0,0
KY026453.1,0,0
KY026454.1,0,0
KY026455.1,0,0
KY026456.1,0,0
KY026457.1,0,0
KY026458.1,0,0
KY026459.1,0,0
KY026460.1,0,0
KY026461.1,0,0
KY026462.1,0,0
KY026463.1,0,0
KY026464.1,0,0
KY026465.1,0,0
KY026466.1,0,0
KY026467.1,0,0
KY026468.1,0,0
KY026469.1,0,0
KY026470.1,0,0
KY026471.1,0,0
KY026472.1,0,0
KY026473.1,0,0
KY026474.1,0,0
KY026475.1,0,0
KY026476.1,0,0
KY026481.1,0,0
MF143257.2,0,0
MF143258.2,0,0
MF143279.2,0,0
MF143280.2,0,0
MF143283.2,0,0
MF143284.2,0,0
MF143288.2,0,0
MF143290.2,0,0
MF143291.2,0,0
MF143292.2,0,0
MF143293.2,0,0
MF143294.2,0,0
MF143295.2,0,0
MF143297.2,0,0
MF143298.2,0,0
MF143300.2,0,0
MF143301.2,0,0
MF143302.2,0,0
MF143303.2,0,0
MF143304.2,0,0
MF143305.2,0,0
MF143306.2,0,0
MF143307.2,0,0
MF143308.2,0,0
MF143309.2,0,0
MF143310.2,0,0
MF143311.2,0,0
MF143312.2,0,0
MF143313.2,0,0
MF143315.2,0,0
MF143317.2,0,0
MF143318.2,0,0
MF143320.2,0,0
MF143321.2,0,0
MF143322.2,0,0
MF143323.2,0,0
MF143324.2,0,0
MF143325.2,0,0
MF143326.2,0,0
MF143327.2,0,0
MF143329.2,0,0
MF143331.2,0,0
MF143332.2,0,0
MF143333.2,0,0
MF143334.2,0,0
MF143335.2,0,0
MF143336.2,0,0
MF143341.2,0,0
MF143342.2,0,0
MF143343.2,0,0
MF143375.2,0,0
MF143377.2,0,0
MF143406.2,0,0
MG562519.1,0,0
MG562521.1,0,0
MG562522.1,0,0
MG562523.1,0,0
MG562525.1,0,0
MG562526.1,0,0
MG562527.1,0,0
MG562530.1,0,0
MG562531.1,0,0
MG562532.1,0,0
MG562533.1,0,0
MG562535.1,0,0
MG562536.1,0,0
MG562537.1,0,0
MG562538.1,0,0
MG562539.1,0,0
MG562540.1,0,0
MG562542.1,0,0
MG562543.1,0,0
MG562545.1,0,0
MG562546.1,0,0
MG562547.1,0,0
MG562548.1,0,0
MG562549.1,0,0
MG562550.1,0,0
MG562551.1,0,0
MG562554.1,0,0
MG562562.1,0,0
MG562563.1,0,0
MG562567.1,0,0
MG562569.1,0,0
MG562571.1,0,0
MG562572.1,0,0
MG562573.1,0,0
MG562579.1,0,0
MG562582.1,0,0
MG562584.1,0,0
MG562587.1,0,0
MG562590.1,0,0
MG562593.1,0,0
MG562599.1,0,0
MG562602.1,0,0
MG562604.1,0,0
MG562606.1,0,0
MG562607.1,0,0
MK540658.1,0,0
MK540659.1,0,0
MK540660.1,0,0
MK540661.1,0,0
MK540662.1,0,0
MK540664.1,0,0
MK540665.1,0,0
MK540666.1,0,0
MK540667.1,0,0
MK540668.1,0,0
MK540669.1,0,0
MK540670.1,0,0
MK540671.1,0,0
MK540672.1,0,0
MK540673.1,0,0
MK540674.1,0,0
MK540675.1,0,0
MK540676.1,0,0
MK540677.1,0,0
MK540678.1,0,0
MK540679.1,0,0
MK540680.1,0,0
MK540681.1,0,0
MK540682.1,0,0
MK540683.1,0,0
MK540684.1,0,0
MK540685.1,0,0
MK540687.1,0,0
MK540688.1,0,0
MK540689.1,0,0
MK540690.1,0,0
MK540691.1,0,0
MK540692.1,0,0
MK540693.1,0,0
MK540694.1,0,0
MK540695.1,0,0
MK540696.1,0,0
MK540697.1,0,0
MK540698.1,0,0
MK540699.1,0,0
MK540700.1,0,0
MK540701.1,0,0
MK540702.1,0,0
MK540703.1,0,0
MK540705.1,0,0
MK540706.1,0,0
MK540708.1,0,0
MK540709.1,0,0
MK540711.1,0,0
MK540712.1,0,0
MK540714.1,0,0
MK540715.1,0,0
MK540716.1,0,0
MK540717.1,0,0
MK540718.1,0,0
MK540719.1,0,0
MK540721.1,0,0
MK540723.1,0,0
MK540724.1,0,0
MK540725.1,0,0
MK540727.1,0,0
MK540728.1,0,0
MK540730.1,0,0
MK540731.1,0,0
MK540732.1,0,0
MK540733.1,0,0
MK540734.1,0,0
MK540735.1,0,0
MK540736.1,0,0
MK540737.1,0,0
MK540738.1,0,0
MK540739.1,0,0
MK540740.1,0,0
MK540741.1,0,0
MK540742.1,0,0
MK540743.1,0,0
MK540744.1,0,0
MK540745.1,0,0
MK540746.1,0,0
MK540747.1,0,0
MK540748.1,0,0
MK540749.1,0,0
MK540750.1,0,0
MK540751.1,0,0
MK540753.1,0,0
MK540754.1,0,0
MK540756.1,0,0
MK540757.1,0,0
MK540758.1,0,0
MK540759.1,0,0
MK540760.1,0,0
MK540762.1,0,0
MK540763.1,0,0
MK540764.1,0,0
MK540766.1,0,0
MK540767.1,0,0
MK540768.1,0,0
MK540769.1,0,0
MK540770.1,0,0
MK540771.1,0,0
MK540772.1,0,0
MK540773.1,0,0
MK540774.1,0,0
MK540775.1,0,0
MK540776.1,0,0
MK540777.1,0,0
MK540778.1,0,0
MK540779.1,0,0
MK540780.1,0,0
MK540781.1,0,0
MK540784.1,0,0
MK540785.1,0,0
MK540786.1,0,0
MK540787.1,0,0
MK540789.1,0,0
MK540790.1,0,0
MK540791.1,0,0
MK540794.1,0,0
MK540795.1,0,0
MK540796.1,0,0
MK540797.1,0,0
MK540798.1,0,0
MK540799.1,0,0
MK540883.1,0,0
MK540884.1,0,0
MK540886.1,0,0
MN418142.1,0,0
MN418143.1,0,0
MN418144.1,0,0
MN418145.1,0,0
MN418147.1,0,0
MN418149.1,0,0
MN418151.1,0,0
MN418152.1,0,0
MN418153.1,0,0
MN418154.1,0,0
MN418155.1,0,0
MN418156.1,0,0
MN418157.1,0,0
MN418158.1,0,0
MN418159.1,0,0
MN418160.1,0,0
MN418161.1,0,0
MN418162.1,0,0
MN418163.1,0,0
MN418164.1,0,0
MN418167.1,0,0
MN418168.1,0,0
MN418169.1,0,0
MN418171.1,0,0
MN418172.1,0,0
MN418174.1,0,0
MN418176.1,0,0
MN418178.1,0,0
MN418181.1,0,0
MN418182.1,0,0
MN418183.1,0,0
MN862283.1,0,0
ON986425.1,0,0
ON986426.1,0,0
ON986428.1,0,0
ON986437.1,0,0
ON986438.1,0,0
ON986441.1,0,0
ON986443.1,0,0
ON986450.1,0,0
ON986451.1,0,0
ON986452.1,0,0
ON986454.1,0,0
ON986456.1,0,0
ON986460.1,0,0
ON986461.1,0,0
ON986473.1,0,0
ON986480.1,0,0
EF437215.1,1,0
KF154996.1,1,0
MG458320.1,1,0
PP413619.1,1,0
EU293111.1,1,0
AF368033.1,0,0
DQ664184.1,0,0
DQ997719.1,0,0
EF494435.1,0,0
GU589577.1,0,0
GU991659.1,0,0
GU991669.1,0,0
JQ412755.1,0,0
JQ599140.1,0,0
JX486057.1,0,0
KC462149.1,0,0
KM087105.1,0,0
KM820744.1,0,0
KM820754.1,0,0
KT224504.1,0,0
KT444572.1,0,0
KX384846.1,0,0
KY419120.1,0,0
MK279729.1,0,0
MN233097.1,0,0
MN233098.1,0,0
MN233099.1,0,0
MN233100.1,0,0
MN233101.1,0,0
MN233103.1,0,0
MN582420.1,0,0
MN788294.1,0,0
MN788304.1,0,0
MW198704.1,0,0
MW582622.1,0,0
MW652775.1,0,0
MW718862.1,0,0
MW929746.1,0,0
MZ298655.1,0,0
NC_013225.1,0,0
PP228852.1,0,0
PQ306483.1,0,0
JX083211.1,0,0
JX083212.1,0,0
JX083213.1,0,0
JX083214.1,0,0
JX083215.1,0,0
JX083217.1,0,0
JX083218.1,0,0
JX453453.1,0,0
KC134296.1,0,0
KM921680.1,0,0
KY662186.1,0,0
KY662187.1,0,0
KY662188.1,0,0
KY662189.1,0,0
KY662190.1,0,0
KY662191.1,0,0
KY662192.1,0,0
KY662193.1,0,0
KY662194.1,0,0
KY662195.1,0,0
KY662196.1,0,0
KY662197.1,0,0
KY662198.1,0,0
KY662199.1,0,0
KY662200.1,0,0
KY662201.1,0,0
KY662202.1,0,0
KY662203.1,0,0
KY662204.1,0,0
MH700000.1,0,0
MN103235.1,0,0
MN103245.1,0,0
MN103255.1,0,0
MN103265.1,0,0
MN103275.1,0,0
MN103286.1,0,0
NC_003732.1,0,0
KJ476706.1,0,0
KM877332.1,0,0
KP173690.1,0,0
KP731618.1,0,0
KT428305.1,0,0
KT428315.1,0,0
MF183218.1,0,0
MK551742.1,0,0
MK562474.1,0,0
MK616650.1,0,0
MN879601.1,0,0
MN879611.1,0,0
MN879621.1,0,0
MN879631.1,0,0
MN879641.1,0,0
MN879651.1,0,0
MN879661.1,0,0
MN879671.1,0,0
MN879681.1,0,0
MN879691.1,0,0
MN879701.1,0,0
MN879711.1,0,0
MW174791.1,0,0
MW244849.1,0,0
MZ561701.1,0,0
NC_015133.1,0,0
OQ731507.1,0,0
OQ731517.1,0,0
OQ731527.1,0,0
OQ731537.1,0,0
OQ731547.1,0,0
OQ731557.1,0,0
OQ731567.1,0,0
OR546358.1,0,0
OR546368.1,0,0
DQ664187.1,0,0
EF494438.1,0,0
GU589580.1,0,0
GU991662.1,0,0
GU991672.1,0,0
JQ412758.1,0,0
JX486060.1,0,0
KC462152.1,0,0
KM820747.1,0,0
KM820757.1,0,0
KT224507.1,0,0
KT444575.1,0,0
KX384849.1,0,0
KY419123.1,0,0
MK279732.1,0,0
MN233058.1,0,0
MN233059.1,0,0
MN233060.1,0,0
MN233061.1,0,0
MN233062.1,0,0
MN233063.1,0,0
MN233064.1,0,0
MN582423.1,0,0
MN788297.1,0,0
MN788307.1,0,0
MW198707.1,0,0
MW582625.1,0,0
MW718865.1,0,0
MW929749.1,0,0
MZ298658.1,0,0
NC_013227.1,0,0
PP228849.1,0,0
PQ306480.1,0,0
KC134291.1,0,0
KM921675.1,0,0
KY662081.1,0,0
KY662082.1,0,0
KY662083.1,0,0
KY662084.1,0,0
KY662085.1,0,0
KY662086.1,0,0
KY662087.1,0,0
KY662088.1,0,0
KY662089.1,0,0
KY662090.1,0,0
KY662091.1,0,0
KY662092.1,0,0
KY662093.1,0,0
KY662094.1,0,0
KY662095.1,0,0
KY662096.1,0,0
KY662097.1,0,0
KY662098.1,0,0
KY662099.1,0,0
KY662100.1,0,0
KY662101.1,0,0
MH699995.1,0,0
MN103230.1,0,0
MN103240.1,0,0
MN103250.1,0,0
MN103260.1,0,0
MN103270.1,0,0
MN103281.1,0,0
NC_003728.1,0,0
AF368037.1,0,0
EF494444.1,0,1
GU589586.1,0,0
GU991668.1,0,1
GU991678.1,0,1
JQ412764.1,0,0
KC462158.1,0,0
KM087114.1,0,0
KT224513.1,0,0
KT444581.1,0,0
KY419129.1,0,0
MK279738.1,0,0
MN582429.1,0,0
MN788303.1,0,0
MN788313.1,0,0
MW198713.1,0,0
MW582631.1,0,0
MW652783.1,0,0
MW718871.1,0,0
NC_013234.1,0,0
ON059909.1,0,0
PQ306479.1,0,0
EF494440.1,0,1
GU589582.1,0,0
GU991664.1,0,1
GU991674.1,0,1
JX486062.1,0,0
KM820749.1,0,0
KM820759.1,0,0
KX384851.1,0,0
MN233042.1,0,0
MN233043.1,0,0
MN233044.1,0,0
MN233045.1,0,0
MN233046.1,0,0
MN233047.1,0,0
MN233048.1,0,0
MW929751.1,0,0
MZ298660.1,0,0
DQ191363.1,0,0
DQ198854.1,0,0
DQ643974.1,0,0
DQ643975.1,0,0
DQ868789.1,0,0
DQ868790.1,0,0
DQ868791.1,0,0
EF057397.1,0,0
EF057398.1,0,0
EU526387.1,0,0
KJ476705.1,0,0
OM621908.1,0,0
KC588383.1,0,0
KU194216.2,0,0
KX891221.1,0,0
MZ004955.1,0,0
NC_005169.1,0,0
NC_030414.2,0,0
NC_034173.1,0,0
NC_038627.1,0,0
NC_038638.1,0,0
NC_038641.1,0,0
MW174788.1,0,0
MW394460.1,0,0
OQ731504.1,0,0
OQ731514.1,0,0
OQ731524.1,0,0
OQ731534.1,0,0
OQ731544.1,0,0
OQ731554.1,0,0
OQ731564.1,0,0
HM585277.1,0,0
JQ034351.1,0,0
JQ692575.1,0,0
JQ773423.1,0,0
MZ209944.1,0,0
NC_014717.1,0,0
PP316486.1,0,0
NC_004191.1,0,0
OQ833555.1,0,0
HM159613.1,1,0
MG999576.1,1,0
NC_077839.1,1,0
HM159616.1,1,0
MG999579.1,1,0
NC_077841.1,1,0
JF811583.1,1,0
ON548556.1,1,0
